CustomerID,Country,Market,Recency,Frequency,Monetary,R_Score,F_Score,M_Score,RFM_Score,Segment
12346,United Kingdom,United Kingdom,326,1,77183.6,1,1,4,6,Hibernating
12347,Iceland,International,3,7,4310.0,4,4,4,12,Champions
12348,Finland,International,76,4,1797.24,2,3,4,9,At Risk
12349,Italy,International,19,1,1757.55,3,1,4,8,Potential Loyalists
12350,Norway,International,311,1,334.4,1,1,2,4,Hibernating
12352,Norway,International,37,8,2506.04,3,4,4,11,Loyal Customers
12353,Bahrain,International,205,1,89.0,1,1,1,3,Hibernating
12354,Spain,International,233,1,1079.4,1,1,3,5,Hibernating
12355,Bahrain,International,215,1,459.4,1,1,2,4,Hibernating
12356,Portugal,International,23,3,2811.43,3,3,4,10,Loyal Customers
12357,Switzerland,International,34,1,6207.67,3,1,4,8,Potential Loyalists
12358,Austria,International,2,2,1168.06,4,2,3,9,Potential Loyalists
12359,Cyprus,International,58,4,6310.03,2,3,4,9,At Risk
12360,Austria,International,53,3,2662.06,2,3,4,9,At Risk
12361,Belgium,International,288,1,189.9,1,1,1,3,Hibernating
12362,Belgium,International,4,10,5226.23,4,4,4,12,Champions
12363,Unspecified,International,110,2,552.0,2,2,2,6,Needs Attention
12364,Belgium,International,8,4,1313.1,4,3,3,10,Loyal Customers
12365,Cyprus,International,292,2,641.38,1,2,2,5,Hibernating
12367,Denmark,International,5,1,168.9,4,1,1,6,Potential Loyalists
12370,Cyprus,International,52,4,3541.94,2,3,4,9,At Risk
12371,Switzerland,International,45,2,1887.96,3,2,4,9,Potential Loyalists
12372,Denmark,International,72,3,1298.04,2,3,3,8,At Risk
12373,Austria,International,312,1,364.6,1,1,2,4,Hibernating
12374,Austria,International,26,1,742.9300000000001,3,1,3,7,Potential Loyalists
12375,Finland,International,11,2,457.5,4,2,2,8,Potential Loyalists
12377,Switzerland,International,316,2,1628.12,1,2,3,6,Hibernating
12378,Switzerland,International,130,1,4008.62,2,1,4,7,Needs Attention
12379,Belgium,International,82,2,852.24,2,2,3,7,Needs Attention
12380,Belgium,International,22,4,2724.81,3,3,4,10,Loyal Customers
12381,Norway,International,5,5,1845.31,4,3,4,11,Loyal Customers
12383,Belgium,International,185,5,1850.56,1,3,4,8,At Risk
12384,Switzerland,International,29,2,585.27,3,2,2,7,Potential Loyalists
12386,Australia,International,338,2,401.9,1,2,2,5,Hibernating
12388,Australia,International,16,6,2780.66,4,4,4,12,Champions
12390,Belgium,International,80,1,549.84,2,1,2,5,Needs Attention
12391,Cyprus,International,22,1,439.66,3,1,2,6,Potential Loyalists
12393,Australia,International,73,4,1582.6000000000001,2,3,3,8,At Risk
12394,Denmark,International,64,2,1272.48,2,2,3,7,Needs Attention
12395,Belgium,International,20,12,3018.63,3,4,4,11,Loyal Customers
12397,Belgium,International,36,2,2409.9,3,2,4,9,Potential Loyalists
12398,Switzerland,International,46,1,1635.6599999999999,3,1,3,7,Potential Loyalists
12399,Belgium,International,120,4,1108.65,2,3,3,8,At Risk
12401,Belgium,International,304,1,84.3,1,1,1,3,Hibernating
12402,Belgium,International,324,1,225.6,1,1,1,3,Hibernating
12403,Denmark,International,50,1,427.7,3,1,2,6,Potential Loyalists
12405,Finland,International,149,1,1710.39,1,1,4,6,Hibernating
12406,Denmark,International,23,2,3415.3,3,2,4,9,Potential Loyalists
12407,Belgium,International,50,5,1708.1200000000001,3,3,4,10,Loyal Customers
12408,Belgium,International,33,5,2888.55,3,3,4,10,Loyal Customers
12409,Switzerland,International,79,3,11072.67,2,3,4,9,At Risk
12410,Switzerland,International,309,2,693.3299999999999,1,2,3,6,Hibernating
12412,Denmark,International,75,3,1226.88,2,3,3,8,At Risk
12413,France,International,67,3,758.1,2,3,3,8,At Risk
12414,Austria,International,218,3,562.41,1,3,2,6,At Risk
12415,Australia,International,25,21,124914.53,3,4,4,11,Loyal Customers
12417,Belgium,International,4,9,3649.1,4,4,4,12,Champions
12418,Switzerland,International,113,1,668.58,2,1,3,6,Needs Attention
12420,Cyprus,International,64,1,600.39,2,1,2,5,Needs Attention
12421,Spain,International,16,4,807.04,4,3,3,10,Loyal Customers
12422,Switzerland,International,96,3,803.5600000000001,2,3,3,8,At Risk
12423,Belgium,International,1,8,1859.31,4,4,4,12,Champions
12424,Australia,International,163,2,1760.96,1,2,4,7,Hibernating
12425,Portugal,International,79,1,777.2,2,1,3,6,Needs Attention
12426,Germany,International,195,1,582.73,1,1,2,4,Hibernating
12427,Germany,International,22,3,825.8,3,3,3,9,Loyal Customers
12428,Finland,International,26,9,7956.46,3,4,4,11,Loyal Customers
12429,Denmark,International,10,4,3750.4,4,3,4,11,Loyal Customers
12430,Norway,International,44,1,256.4,3,1,1,5,Potential Loyalists
12431,Australia,International,36,15,6419.95,3,4,4,11,Loyal Customers
12432,Norway,International,43,5,5059.32,3,3,4,10,Loyal Customers
12433,Norway,International,1,7,13375.87,4,4,4,12,Champions
12434,Australia,International,85,2,806.14,2,2,3,7,Needs Attention
12435,Denmark,International,80,2,7829.89,2,2,4,8,Needs Attention
12436,Norway,International,100,1,509.01,2,1,2,5,Needs Attention
12437,France,International,2,18,4951.41,4,4,4,12,Champions
12438,Norway,International,15,2,2906.85,4,2,4,10,Potential Loyalists
12441,France,International,367,1,173.55,1,1,1,3,Hibernating
12442,Spain,International,4,1,172.06,4,1,1,6,Potential Loyalists
12444,Norway,International,22,5,5005.46,3,3,4,10,Loyal Customers
12445,Spain,International,23,1,133.4,3,1,1,5,Potential Loyalists
12446,RSA,International,58,1,1002.3100000000001,2,1,3,6,Needs Attention
12447,Belgium,International,244,1,476.49,1,1,2,4,Hibernating
12448,Spain,International,45,1,449.45,3,1,2,6,Potential Loyalists
12449,Belgium,International,23,4,4067.29,3,3,4,10,Loyal Customers
12450,Spain,International,157,2,197.88,1,2,1,4,Hibernating
12451,Switzerland,International,11,5,9035.52,4,3,4,11,Loyal Customers
12452,Switzerland,International,17,2,430.57,4,2,2,8,Potential Loyalists
12453,Austria,International,135,1,707.09,2,1,3,6,Needs Attention
12454,Spain,International,57,1,3528.34,2,1,4,7,Needs Attention
12455,Cyprus,International,74,6,2466.86,2,4,4,10,At Risk
12456,Switzerland,International,45,3,3181.04,3,3,4,10,Loyal Customers
12457,Switzerland,International,67,7,2363.23,2,4,4,10,At Risk
12458,Switzerland,International,72,2,947.4,2,2,3,7,Needs Attention
12461,Switzerland,International,95,2,826.88,2,2,3,7,Needs Attention
12462,Spain,International,19,2,1189.59,3,2,3,8,Potential Loyalists
12463,Belgium,International,54,4,1344.78,2,3,3,8,At Risk
12464,Belgium,International,11,8,1212.05,4,4,3,11,Champions
12465,Belgium,International,18,2,742.1899999999999,4,2,3,9,Potential Loyalists
12468,Germany,International,188,2,729.5400000000001,1,2,3,6,Hibernating
12471,Germany,International,3,30,19788.65,4,4,4,12,Champions
12472,Germany,International,33,7,6572.11,3,4,4,11,Loyal Customers
12473,Germany,International,30,5,3928.0499999999997,3,3,4,10,Loyal Customers
12474,Germany,International,18,18,7324.09,4,4,4,12,Champions
12475,Germany,International,54,1,723.38,2,1,3,6,Needs Attention
12476,Germany,International,16,11,6816.42,4,4,4,12,Champions
12477,Germany,International,23,6,13219.74,3,4,4,11,Loyal Customers
12478,Greece,International,4,1,680.99,4,1,3,8,Potential Loyalists
12479,Germany,International,12,1,527.2,4,1,2,7,Potential Loyalists
12480,Germany,International,29,4,3281.63,3,3,4,10,Loyal Customers
12481,Germany,International,23,10,5579.82,3,4,4,11,Loyal Customers
12483,Sweden,International,18,8,2484.98,4,4,4,12,Champions
12484,Spain,International,33,6,4527.32,3,4,4,11,Loyal Customers
12488,France,International,10,3,1298.66,4,3,3,10,Loyal Customers
12489,France,International,337,1,334.93,1,1,2,4,Hibernating
12490,France,International,6,10,5417.93,4,4,4,12,Champions
12491,France,International,39,1,460.40000000000003,3,1,2,6,Potential Loyalists
12492,Germany,International,64,2,263.21000000000004,2,2,1,5,Needs Attention
12493,France,International,166,2,433.74,1,2,2,5,Hibernating
12494,France,International,16,7,1246.1000000000001,4,4,3,11,Champions
12497,Germany,International,82,1,1043.1,2,1,3,6,Needs Attention
12498,Germany,International,22,3,403.70000000000005,3,3,2,8,Loyal Customers
12500,Germany,International,24,11,4257.82,3,4,4,11,Loyal Customers
12501,Germany,International,337,1,2169.39,1,1,4,6,Hibernating
12502,Spain,International,96,5,3723.87,2,3,4,9,At Risk
12504,Germany,International,19,2,482.04999999999995,3,2,2,7,Potential Loyalists
12506,France,International,233,1,73.5,1,1,1,3,Hibernating
12507,Spain,International,135,3,1304.81,2,3,3,8,At Risk
12508,France,International,27,2,397.88,3,2,2,7,Potential Loyalists
12509,France,International,285,1,176.5,1,1,1,3,Hibernating
12510,Spain,International,143,2,982.5699999999999,1,2,3,6,Hibernating
12512,Israel,International,67,2,132.18,2,2,1,5,Needs Attention
12513,France,International,113,1,612.29,2,1,2,5,Needs Attention
12514,Italy,International,268,1,1017.68,1,1,3,5,Hibernating
12515,Italy,International,354,1,383.7,1,1,2,4,Hibernating
12516,Germany,International,78,2,1312.06,2,2,3,7,Needs Attention
12517,Germany,International,29,5,2481.6,3,3,4,10,Loyal Customers
12518,Germany,International,1,5,2056.89,4,3,4,11,Loyal Customers
12519,Germany,International,64,1,330.84,2,1,2,5,Needs Attention
12520,Germany,International,80,5,2634.26,2,3,4,9,At Risk
12521,Germany,International,143,1,599.68,1,1,2,4,Hibernating
12522,Germany,International,40,2,192.72,3,2,1,6,Potential Loyalists
12523,France,International,20,11,1789.77,3,4,4,11,Loyal Customers
12524,Germany,International,10,8,4485.72,4,4,4,12,Champions
12526,Germany,International,1,3,1316.66,4,3,3,10,Loyal Customers
12527,Germany,International,82,3,348.71000000000004,2,3,2,7,At Risk
12528,Germany,International,10,6,1933.48,4,4,4,12,Champions
12530,Germany,International,60,4,1662.28,2,3,4,9,At Risk
12531,Germany,International,15,1,125.22,4,1,1,6,Potential Loyalists
12532,France,International,31,1,349.83000000000004,3,1,2,6,Potential Loyalists
12534,Germany,International,131,1,1089.18,2,1,3,6,Needs Attention
12535,France,International,92,2,716.35,2,2,3,7,Needs Attention
12536,France,International,44,3,12601.830000000002,3,3,4,10,Loyal Customers
12538,Spain,International,30,1,363.95,3,1,2,6,Potential Loyalists
12539,Spain,International,23,4,5568.35,3,3,4,10,Loyal Customers
12540,Spain,International,20,17,13400.24,3,4,4,11,Loyal Customers
12541,Spain,International,30,3,981.18,3,3,3,9,Loyal Customers
12544,Spain,International,37,1,372.7,3,1,2,6,Potential Loyalists
12545,Spain,International,76,2,1000.39,2,2,3,7,Needs Attention
12546,Spain,International,47,2,1161.5,3,2,3,8,Potential Loyalists
12547,Spain,International,198,2,207.79999999999998,1,2,1,4,Hibernating
12548,Spain,International,167,1,95.19999999999999,1,1,1,3,Hibernating
12550,Spain,International,80,1,964.83,2,1,3,6,Needs Attention
12551,Spain,International,358,1,168.0,1,1,1,3,Hibernating
12552,Italy,International,39,2,437.82,3,2,2,7,Potential Loyalists
12553,France,International,9,10,3692.28,4,4,4,12,Champions
12556,Spain,International,51,2,599.56,3,2,2,7,Potential Loyalists
12557,Spain,International,17,5,11990.960000000001,4,3,4,11,Loyal Customers
12558,USA,International,8,1,269.96,4,1,1,6,Potential Loyalists
12559,Germany,International,311,2,561.71,1,2,2,5,Hibernating
12560,Germany,International,6,3,2134.01,4,3,4,11,Loyal Customers
12561,Germany,International,303,1,238.85,1,1,1,3,Hibernating
12562,France,International,9,7,3781.7400000000002,4,4,4,12,Champions
12564,France,International,262,1,456.9,1,1,2,4,Hibernating
12565,Saudi Arabia,International,289,1,145.92,1,1,1,3,Hibernating
12566,Germany,International,87,1,351.65,2,1,2,5,Needs Attention
12567,France,International,23,10,9401.28,3,4,4,11,Loyal Customers
12569,Germany,International,3,32,4124.69,4,4,4,12,Champions
12571,France,International,40,2,519.61,3,2,2,7,Potential Loyalists
12572,Germany,International,9,2,1020.42,4,2,3,9,Potential Loyalists
12573,France,International,228,1,160.54000000000002,1,1,1,3,Hibernating
12574,France,International,316,1,218.45,1,1,1,3,Hibernating
12576,Poland,International,36,5,1315.83,3,3,3,9,Loyal Customers
12577,France,International,36,3,626.6,3,3,2,8,Loyal Customers
12578,Italy,International,22,2,2794.51,3,2,4,9,Potential Loyalists
12579,France,International,79,1,440.42,2,1,2,5,Needs Attention
12580,Germany,International,247,1,415.7,1,1,2,4,Hibernating
12581,Germany,International,40,1,197.71,3,1,1,5,Potential Loyalists
12582,Finland,International,239,2,511.36,1,2,2,5,Hibernating
12583,France,International,3,15,7281.38,4,4,4,12,Champions
12584,Italy,International,4,9,2338.15,4,4,4,12,Champions
12585,Germany,International,235,2,2040.1,1,2,4,7,Hibernating
12586,Italy,International,18,1,196.94000000000003,4,1,1,6,Potential Loyalists
12587,Finland,International,8,1,144.0,4,1,1,6,Potential Loyalists
12588,Finland,International,40,1,214.89999999999998,3,1,1,5,Potential Loyalists
12589,France,International,29,2,646.68,3,2,2,7,Potential Loyalists
12590,Germany,International,212,2,9864.26,1,2,4,7,Hibernating
12591,Italy,International,318,1,452.84999999999997,1,1,2,4,Hibernating
12592,Germany,International,93,2,437.6,2,2,2,6,Needs Attention
12593,France,International,109,3,418.09999999999997,2,3,2,7,At Risk
12594,Italy,International,38,10,3338.2200000000003,3,4,4,11,Loyal Customers
12596,Spain,International,52,2,618.27,2,2,2,6,Needs Attention
12597,Spain,International,20,4,3811.22,3,3,4,10,Loyal Customers
12598,France,International,10,8,3023.08,4,4,4,12,Champions
12599,France,International,30,7,1032.58,3,4,3,10,Loyal Customers
12600,Germany,International,29,10,2599.04,3,4,4,11,Loyal Customers
12601,Germany,International,190,5,577.0600000000001,1,3,2,6,At Risk
12602,France,International,59,1,153.12,2,1,1,4,Needs Attention
12603,Germany,International,22,1,739.1999999999999,3,1,3,7,Potential Loyalists
12604,France,International,80,2,254.18,2,2,1,5,Needs Attention
12607,USA,International,61,1,1579.51,2,1,3,6,Needs Attention
12609,Germany,International,79,3,1126.85,2,3,3,8,At Risk
12610,Italy,International,23,5,2099.54,3,3,4,10,Loyal Customers
12611,Italy,International,53,1,1193.32,2,1,3,6,Needs Attention
12612,Germany,International,75,1,704.0400000000001,2,1,3,6,Needs Attention
12613,Germany,International,58,5,3344.38,2,3,4,9,At Risk
12614,Germany,International,278,1,315.6,1,1,2,4,Hibernating
12615,France,International,3,4,2291.19,4,3,4,11,Loyal Customers
12616,France,International,96,2,713.3,2,2,3,7,Needs Attention
12617,France,International,30,1,352.98,3,1,2,6,Potential Loyalists
12618,Italy,International,22,1,177.31,3,1,1,5,Potential Loyalists
12619,Germany,International,17,9,3641.24,4,4,4,12,Champions
12620,France,International,15,3,1339.41,4,3,3,10,Loyal Customers
12621,Germany,International,2,20,13689.67,4,4,4,12,Champions
12622,Germany,International,233,1,180.1,1,1,1,3,Hibernating
12623,Germany,International,277,1,305.1,1,1,1,3,Hibernating
12624,France,International,107,2,641.13,2,2,2,6,Needs Attention
12625,Germany,International,212,2,2683.82,1,2,4,7,Hibernating
12626,Germany,International,24,9,6620.48,3,4,4,11,Loyal Customers
12627,Germany,International,11,7,4478.53,4,4,4,12,Champions
12628,Germany,International,5,3,786.46,4,3,3,10,Loyal Customers
12630,Finland,International,10,2,1270.88,4,2,3,9,Potential Loyalists
12631,Finland,International,58,1,640.5,2,1,2,5,Needs Attention
12633,Germany,International,59,4,2163.98,2,3,4,9,At Risk
12635,Germany,International,90,2,1689.18,2,2,4,8,Needs Attention
12637,France,International,68,8,6002.9,2,4,4,10,At Risk
12638,Sweden,International,34,1,671.69,3,1,3,7,Potential Loyalists
12639,Sweden,International,239,1,486.1,1,1,2,4,Hibernating
12640,France,International,24,3,1174.58,3,3,3,9,Loyal Customers
12641,Sweden,International,116,1,185.9,2,1,1,4,Needs Attention
12642,Germany,International,26,3,1013.26,3,3,3,9,Loyal Customers
12643,France,International,129,6,3344.64,2,4,4,10,At Risk
12644,Germany,International,130,1,477.91,2,1,2,5,Needs Attention
12645,Germany,International,34,4,1775.18,3,3,4,10,Loyal Customers
12646,USA,International,5,2,1346.97,4,2,3,9,Potential Loyalists
12647,Germany,International,23,12,3722.82,3,4,4,11,Loyal Customers
12648,Germany,International,155,1,318.05,1,1,2,4,Hibernating
12649,Germany,International,108,3,623.51,2,3,2,7,At Risk
12650,France,International,4,1,314.44,4,1,2,7,Potential Loyalists
12651,France,International,335,1,114.0,1,1,1,3,Hibernating
12652,France,International,332,1,919.98,1,1,3,5,Hibernating
12653,Israel,International,149,2,2209.85,1,2,4,7,Hibernating
12654,Germany,International,11,5,601.98,4,3,2,9,Loyal Customers
12656,France,International,18,5,4051.17,4,3,4,11,Loyal Customers
12657,France,International,12,4,1643.18,4,3,3,10,Loyal Customers
12658,Germany,International,19,1,686.05,3,1,3,7,Potential Loyalists
12659,France,International,30,1,91.68,3,1,1,5,Potential Loyalists
12660,France,International,12,1,245.1,4,1,1,6,Potential Loyalists
12662,Germany,International,1,11,3849.78,4,4,4,12,Champions
12664,Finland,International,9,9,4881.88,4,4,4,12,Champions
12665,Germany,International,325,1,63.0,1,1,1,3,Hibernating
12667,Finland,International,59,1,620.13,2,1,2,5,Needs Attention
12668,Germany,International,12,4,3807.15,4,3,4,11,Loyal Customers
12669,France,International,151,3,2744.0299999999997,1,3,4,8,At Risk
12670,France,International,11,5,2996.05,4,3,4,11,Loyal Customers
12672,France,International,330,1,225.89999999999998,1,1,1,3,Hibernating
12673,Germany,International,6,2,610.52,4,2,2,8,Potential Loyalists
12674,France,International,39,4,1970.6,3,3,4,10,Loyal Customers
12676,Sweden,International,25,6,1331.39,3,4,3,10,Loyal Customers
12678,France,International,43,12,17628.46,3,4,4,11,Loyal Customers
12679,France,International,59,4,1113.02,2,3,3,8,At Risk
12680,France,International,1,4,862.81,4,3,3,10,Loyal Customers
12681,France,International,15,22,13787.54,4,4,4,12,Champions
12682,France,International,4,31,12279.82,4,4,4,12,Champions
12683,France,International,5,15,8476.57,4,4,4,12,Champions
12684,France,International,8,7,2283.63,4,4,4,12,Champions
12685,France,International,29,6,2863.08,3,4,4,11,Loyal Customers
12686,France,International,372,1,89.14,1,1,1,3,Hibernating
12688,Israel,International,114,1,4873.8099999999995,2,1,4,7,Needs Attention
12689,France,International,26,2,1247.61,3,2,3,8,Potential Loyalists
12690,France,International,206,1,389.01,1,1,2,4,Hibernating
12691,France,International,29,6,1035.8,3,4,3,10,Loyal Customers
12693,Germany,International,128,4,855.91,2,3,3,8,At Risk
12694,France,International,71,2,869.67,2,2,3,7,Needs Attention
12695,France,International,8,4,582.1,4,3,2,9,Loyal Customers
12697,Sweden,International,29,3,957.59,3,3,3,9,Loyal Customers
12700,France,International,8,4,4939.99,4,3,4,11,Loyal Customers
12701,Germany,International,80,2,797.71,2,2,3,7,Needs Attention
12702,Germany,International,20,1,219.0,3,1,1,5,Potential Loyalists
12703,Germany,International,72,1,283.55,2,1,1,4,Needs Attention
12704,Finland,International,8,8,2340.84,4,4,4,12,Champions
12705,Germany,International,16,9,6868.29,4,4,4,12,Champions
12707,France,International,292,1,603.42,1,1,2,4,Hibernating
12708,Germany,International,30,10,2712.91,3,4,4,11,Loyal Customers
12709,Germany,International,16,15,9706.52,4,4,4,12,Champions
12710,Germany,International,97,3,1149.02,2,3,3,8,At Risk
12712,Germany,International,29,13,4396.13,3,4,4,11,Loyal Customers
12713,Germany,International,1,1,848.55,4,1,3,8,Potential Loyalists
12714,France,International,10,5,4708.86,4,3,4,11,Loyal Customers
12715,Sweden,International,107,1,343.36,2,1,2,5,Needs Attention
12716,France,International,4,2,1053.49,4,2,3,9,Potential Loyalists
12717,Greece,International,152,2,1030.98,1,2,3,6,Hibernating
12718,France,International,72,1,238.25,2,1,1,4,Needs Attention
12719,France,International,6,2,644.95,4,2,2,8,Potential Loyalists
12720,Germany,International,3,25,5781.73,4,4,4,12,Champions
12721,France,International,32,6,2656.13,3,4,4,11,Loyal Customers
12722,France,International,86,4,997.63,2,3,3,8,At Risk
12723,France,International,4,5,725.07,4,3,3,10,Loyal Customers
12724,France,International,6,4,1031.41,4,3,3,10,Loyal Customers
12725,Italy,International,372,1,427.8,1,1,2,4,Hibernating
12726,France,International,29,7,2609.1,3,4,4,11,Loyal Customers
12727,France,International,11,7,3980.7,4,4,4,12,Champions
12728,France,International,72,4,836.33,2,3,3,8,At Risk
12729,France,International,114,1,453.01,2,1,2,5,Needs Attention
12731,France,International,24,12,18895.91,3,4,4,11,Loyal Customers
12732,France,International,180,1,236.26000000000002,1,1,1,3,Hibernating
12733,USA,International,235,1,383.95,1,1,2,4,Hibernating
12734,France,International,353,1,110.39999999999999,1,1,1,3,Hibernating
12735,France,International,316,2,779.5699999999999,1,2,3,6,Hibernating
12736,France,International,333,1,234.0,1,1,1,3,Hibernating
12738,Germany,International,373,1,155.35,1,1,1,3,Hibernating
12739,United Arab Emirates,International,79,2,1013.04,2,2,3,7,Needs Attention
12740,France,International,64,1,427.6,2,1,2,5,Needs Attention
12743,Unspecified,International,135,2,540.13,2,2,2,6,Needs Attention
12744,Singapore,International,52,7,21279.29,2,4,4,10,At Risk
12747,United Kingdom,United Kingdom,3,11,4196.01,4,4,4,12,Champions
12748,United Kingdom,United Kingdom,1,209,33053.19,4,4,4,12,Champions
12749,United Kingdom,United Kingdom,4,5,4090.88,4,3,4,11,Loyal Customers
12750,Poland,International,129,1,275.88,2,1,1,4,Needs Attention
12752,Norway,International,82,1,4366.78,2,1,4,7,Needs Attention
12753,Japan,International,23,6,21429.39,3,4,4,11,Loyal Customers
12754,Japan,International,236,3,3010.74,1,3,4,8,At Risk
12755,Japan,International,281,2,3811.95,1,2,4,7,Hibernating
12756,Japan,International,87,1,112.07999999999998,2,1,1,4,Needs Attention
12757,Portugal,International,16,13,7834.650000000001,4,4,4,12,Champions
12758,Portugal,International,117,2,2791.59,2,2,4,8,Needs Attention
12759,Netherlands,International,53,3,1531.44,2,3,3,8,At Risk
12762,Portugal,International,8,2,1898.52,4,2,4,10,Potential Loyalists
12763,Japan,International,139,2,494.08,2,2,2,6,Needs Attention
12764,Lebanon,International,317,1,1693.88,1,1,4,6,Hibernating
12766,Portugal,International,4,7,6989.63,4,4,4,12,Champions
12769,Brazil,International,239,1,1143.6,1,1,3,5,Hibernating
12770,Japan,International,211,1,1351.45,1,1,3,5,Hibernating
12772,Portugal,International,60,1,892.47,2,1,3,6,Needs Attention
12775,Netherlands,International,18,5,1386.04,4,3,3,10,Loyal Customers
12778,Netherlands,International,20,6,822.23,3,4,3,10,Loyal Customers
12779,Poland,International,38,8,3981.36,3,4,4,11,Loyal Customers
12781,Czech Republic,International,64,2,826.74,2,2,3,7,Needs Attention
12782,Portugal,International,5,5,2330.92,4,3,4,11,Loyal Customers
12783,Portugal,International,3,6,2225.91,4,4,4,12,Champions
12784,Portugal,International,10,2,532.8199999999999,4,2,2,8,Potential Loyalists
12785,Portugal,International,365,1,311.95,1,1,2,4,Hibernating
12787,Netherlands,International,10,3,463.66,4,3,2,9,Loyal Customers
12789,Netherlands,International,66,1,91.85,2,1,1,4,Needs Attention
12790,Netherlands,International,193,1,324.92,1,1,2,4,Hibernating
12791,Netherlands,International,374,1,192.60000000000002,1,1,1,3,Hibernating
12792,Portugal,International,257,1,400.53999999999996,1,1,2,4,Hibernating
12793,Portugal,International,335,2,545.48,1,2,2,5,Hibernating
12794,Portugal,International,54,2,860.41,2,2,3,7,Needs Attention
12795,Portugal,International,19,1,430.48,3,1,2,6,Potential Loyalists
12797,Portugal,International,366,1,254.03,1,1,1,3,Hibernating
12798,Japan,International,11,3,6977.04,4,3,4,11,Loyal Customers
12802,Netherlands,International,187,1,427.58,1,1,2,4,Hibernating
12808,Portugal,International,37,3,483.65000000000003,3,3,2,8,Loyal Customers
12809,Portugal,International,178,1,489.31,1,1,2,4,Hibernating
12811,Portugal,International,261,3,514.85,1,3,2,6,At Risk
12812,Japan,International,45,1,229.64000000000001,3,1,1,5,Potential Loyalists
12814,Poland,International,102,1,125.92,2,1,1,4,Needs Attention
12815,Poland,International,148,2,1063.46,1,2,3,6,Hibernating
12816,Poland,International,96,2,572.2,2,2,2,6,Needs Attention
12817,Austria,International,282,1,166.04,1,1,1,3,Hibernating
12818,Austria,International,262,1,1542.08,1,1,3,5,Hibernating
12820,United Kingdom,United Kingdom,4,4,942.34,4,3,3,10,Loyal Customers
12821,United Kingdom,United Kingdom,215,1,92.72,1,1,1,3,Hibernating
12822,United Kingdom,United Kingdom,71,2,948.88,2,2,3,7,Needs Attention
12823,United Kingdom,United Kingdom,75,5,1759.5,2,3,4,9,At Risk
12824,United Kingdom,United Kingdom,60,1,397.12,2,1,2,5,Needs Attention
12826,United Kingdom,United Kingdom,3,7,1474.72,4,4,3,11,Champions
12827,United Kingdom,United Kingdom,6,3,430.15000000000003,4,3,2,9,Loyal Customers
12828,United Kingdom,United Kingdom,3,6,1018.71,4,4,3,11,Champions
12829,United Kingdom,United Kingdom,337,2,293.0,1,2,1,4,Hibernating
12830,United Kingdom,United Kingdom,38,6,6814.64,3,4,4,11,Loyal Customers
12831,United Kingdom,United Kingdom,263,1,215.05,1,1,1,3,Hibernating
12832,United Kingdom,United Kingdom,33,2,383.03,3,2,2,7,Potential Loyalists
12833,United Kingdom,United Kingdom,146,1,417.38,1,1,2,4,Hibernating
12834,United Kingdom,United Kingdom,283,1,312.38,1,1,2,4,Hibernating
12836,United Kingdom,United Kingdom,60,4,2610.36,2,3,4,9,At Risk
12837,United Kingdom,United Kingdom,174,1,134.1,1,1,1,3,Hibernating
12838,United Kingdom,United Kingdom,34,2,671.95,3,2,3,8,Potential Loyalists
12839,United Kingdom,United Kingdom,3,14,5591.42,4,4,4,12,Champions
12840,United Kingdom,United Kingdom,144,4,2726.77,1,3,4,8,At Risk
12841,United Kingdom,United Kingdom,5,25,3991.58,4,4,4,12,Champions
12842,United Kingdom,United Kingdom,71,2,1118.99,2,2,3,7,Needs Attention
12843,United Kingdom,United Kingdom,66,8,1702.26,2,4,4,10,At Risk
12844,United Kingdom,United Kingdom,30,2,325.96000000000004,3,2,2,7,Potential Loyalists
12845,United Kingdom,United Kingdom,268,4,354.09,1,3,2,6,At Risk
12847,United Kingdom,United Kingdom,23,1,843.64,3,1,3,7,Potential Loyalists
12849,United Kingdom,United Kingdom,32,2,1010.29,3,2,3,8,Potential Loyalists
12851,United Kingdom,United Kingdom,97,1,131.81,2,1,1,4,Needs Attention
12852,United Kingdom,United Kingdom,295,1,311.55,1,1,2,4,Hibernating
12853,United Kingdom,United Kingdom,135,6,1957.1000000000001,2,4,4,10,At Risk
12854,United Kingdom,United Kingdom,79,3,1316.25,2,3,3,8,At Risk
12855,United Kingdom,United Kingdom,373,1,38.1,1,1,1,3,Hibernating
12856,United Kingdom,United Kingdom,8,6,2170.78,4,4,4,12,Champions
12857,United Kingdom,United Kingdom,211,2,1106.4,1,2,3,6,Hibernating
12863,United Kingdom,United Kingdom,53,1,521.2,2,1,2,5,Needs Attention
12864,United Kingdom,United Kingdom,139,1,147.12,2,1,1,4,Needs Attention
12865,Austria,International,27,2,1568.23,3,2,3,8,Potential Loyalists
12866,Belgium,International,284,1,559.12,1,1,2,4,Hibernating
12867,United Kingdom,United Kingdom,27,7,4009.34,3,4,4,11,Loyal Customers
12868,United Kingdom,United Kingdom,186,6,1607.0600000000002,1,4,3,8,At Risk
12871,United Kingdom,United Kingdom,85,2,380.64,2,2,2,6,Needs Attention
12872,United Kingdom,United Kingdom,327,2,599.97,1,2,2,5,Hibernating
12873,United Kingdom,United Kingdom,283,1,374.0,1,1,2,4,Hibernating
12875,United Kingdom,United Kingdom,144,2,343.2300000000001,1,2,2,5,Hibernating
12876,Belgium,International,58,2,2218.02,2,2,4,8,Needs Attention
12877,United Kingdom,United Kingdom,4,12,1535.77,4,4,3,11,Champions
12878,United Kingdom,United Kingdom,237,2,854.99,1,2,3,6,Hibernating
12879,United Kingdom,United Kingdom,45,3,573.22,3,3,2,8,Loyal Customers
12881,United Kingdom,United Kingdom,276,1,298.0,1,1,1,3,Hibernating
12882,United Kingdom,United Kingdom,10,2,1463.04,4,2,3,9,Potential Loyalists
12883,United Kingdom,United Kingdom,25,4,703.47,3,3,3,9,Loyal Customers
12884,United Kingdom,United Kingdom,89,1,309.05,2,1,2,5,Needs Attention
12885,United Kingdom,United Kingdom,64,3,1175.22,2,3,3,8,At Risk
12886,United Kingdom,United Kingdom,68,2,1378.4,2,2,3,7,Needs Attention
12888,United Kingdom,United Kingdom,215,2,354.12,1,2,2,5,Hibernating
12890,United Kingdom,United Kingdom,25,1,376.71999999999997,3,1,2,6,Potential Loyalists
12891,United Kingdom,United Kingdom,186,3,331.0,1,3,2,6,At Risk
12893,United Kingdom,United Kingdom,31,1,176.55,3,1,1,5,Potential Loyalists
12895,United Kingdom,United Kingdom,43,2,372.8,3,2,2,7,Potential Loyalists
12897,United Kingdom,United Kingdom,205,2,216.5,1,2,1,4,Hibernating
12901,United Kingdom,United Kingdom,9,28,17654.54,4,4,4,12,Champions
12902,United Kingdom,United Kingdom,265,1,138.68,1,1,1,3,Hibernating
12904,United Kingdom,United Kingdom,19,2,496.06,3,2,2,7,Potential Loyalists
12906,United Kingdom,United Kingdom,12,5,2919.81,4,3,4,11,Loyal Customers
12908,United Kingdom,United Kingdom,177,2,750.0,1,2,3,6,Hibernating
12909,United Kingdom,United Kingdom,40,5,2178.67,3,3,4,10,Loyal Customers
12910,United Kingdom,United Kingdom,24,8,3075.04,3,4,4,11,Loyal Customers
12912,United Kingdom,United Kingdom,3,5,1662.3,4,3,4,11,Loyal Customers
12913,United Kingdom,United Kingdom,5,5,2483.63,4,3,4,11,Loyal Customers
12915,United Kingdom,United Kingdom,149,2,363.65,1,2,2,5,Hibernating
12916,United Kingdom,United Kingdom,139,4,2944.95,2,3,4,9,At Risk
12917,United Kingdom,United Kingdom,129,1,594.0,2,1,2,5,Needs Attention
12919,United Kingdom,United Kingdom,9,6,1335.19,4,4,3,11,Champions
12920,United Kingdom,United Kingdom,18,1,162.78,4,1,1,6,Potential Loyalists
12921,United Kingdom,United Kingdom,10,37,16587.09,4,4,4,12,Champions
12922,United Kingdom,United Kingdom,162,1,405.38,1,1,2,4,Hibernating
12923,United Kingdom,United Kingdom,65,1,172.82,2,1,1,4,Needs Attention
12924,United Kingdom,United Kingdom,89,4,933.7,2,3,3,8,At Risk
12925,United Kingdom,United Kingdom,5,2,694.05,4,2,3,9,Potential Loyalists
12928,United Kingdom,United Kingdom,36,5,2062.7000000000003,3,3,4,10,Loyal Customers
12929,United Kingdom,United Kingdom,312,1,117.85,1,1,1,3,Hibernating
12930,United Kingdom,United Kingdom,79,2,415.8,2,2,2,6,Needs Attention
12931,United Kingdom,United Kingdom,22,15,42055.96,3,4,4,11,Loyal Customers
12933,United Kingdom,United Kingdom,25,3,607.53,3,3,2,8,Loyal Customers
12935,United Kingdom,United Kingdom,3,7,2160.7,4,4,4,12,Champions
12936,United Kingdom,United Kingdom,18,4,1063.9,4,3,3,10,Loyal Customers
12937,United Kingdom,United Kingdom,16,4,1504.27,4,3,3,10,Loyal Customers
12938,United Kingdom,United Kingdom,26,1,114.14,3,1,1,5,Potential Loyalists
12939,United Kingdom,United Kingdom,65,8,11581.8,2,4,4,10,At Risk
12940,United Kingdom,United Kingdom,55,2,899.69,2,2,3,7,Needs Attention
12942,United Kingdom,United Kingdom,132,3,675.6,2,3,3,8,At Risk
12944,United Kingdom,United Kingdom,36,2,604.51,3,2,2,7,Potential Loyalists
12945,United Kingdom,United Kingdom,289,1,462.95,1,1,2,4,Hibernating
12947,United Kingdom,United Kingdom,144,6,1603.99,1,4,3,8,At Risk
12948,United Kingdom,United Kingdom,17,7,2064.95,4,4,4,12,Champions
12949,United Kingdom,United Kingdom,31,8,4167.22,3,4,4,11,Loyal Customers
12950,United Kingdom,United Kingdom,3,3,1843.0,4,3,4,11,Loyal Customers
12951,United Kingdom,United Kingdom,9,6,1064.07,4,4,3,11,Champions
12952,United Kingdom,United Kingdom,6,4,1387.79,4,3,3,10,Loyal Customers
12953,United Kingdom,United Kingdom,10,1,329.85,4,1,2,7,Potential Loyalists
12955,United Kingdom,United Kingdom,2,11,4757.16,4,4,4,12,Champions
12956,United Kingdom,United Kingdom,307,1,108.07,1,1,1,3,Hibernating
12957,United Kingdom,United Kingdom,10,8,4017.54,4,4,4,12,Champions
12962,United Kingdom,United Kingdom,8,2,266.39,4,2,1,7,Potential Loyalists
12963,United Kingdom,United Kingdom,9,8,1856.63,4,4,4,12,Champions
12965,United Kingdom,United Kingdom,90,1,769.8100000000001,2,1,3,6,Needs Attention
12966,United Kingdom,United Kingdom,10,1,160.18,4,1,1,6,Potential Loyalists
12967,United Kingdom,United Kingdom,359,2,1660.9,1,2,4,7,Hibernating
12968,United Kingdom,United Kingdom,113,1,135.95,2,1,1,4,Needs Attention
12970,United Kingdom,United Kingdom,8,4,405.47,4,3,2,9,Loyal Customers
12971,United Kingdom,United Kingdom,4,86,11189.91,4,4,4,12,Champions
12974,United Kingdom,United Kingdom,198,1,144.8,1,1,1,3,Hibernating
12976,United Kingdom,United Kingdom,212,1,738.6,1,1,3,5,Hibernating
12977,United Kingdom,United Kingdom,157,1,39.239999999999995,1,1,1,3,Hibernating
12980,United Kingdom,United Kingdom,158,9,7374.900000000001,1,4,4,9,At Risk
12981,United Kingdom,United Kingdom,30,2,372.21999999999997,3,2,2,7,Potential Loyalists
12982,United Kingdom,United Kingdom,243,1,390.54,1,1,2,4,Hibernating
12984,United Kingdom,United Kingdom,19,1,97.5,3,1,1,5,Potential Loyalists
12985,United Kingdom,United Kingdom,1,2,1239.38,4,2,3,9,Potential Loyalists
12987,United Kingdom,United Kingdom,74,2,558.7,2,2,2,6,Needs Attention
12988,United Kingdom,United Kingdom,293,1,505.82,1,1,2,4,Hibernating
12989,United Kingdom,United Kingdom,4,15,6924.110000000001,4,4,4,12,Champions
12990,United Kingdom,United Kingdom,32,3,409.5,3,3,2,8,Loyal Customers
12991,United Kingdom,United Kingdom,24,2,503.76,3,2,2,7,Potential Loyalists
12993,United Kingdom,United Kingdom,24,4,414.76,3,3,2,8,Loyal Customers
12994,United Kingdom,United Kingdom,5,3,974.4200000000001,4,3,3,10,Loyal Customers
12995,United Kingdom,United Kingdom,86,1,211.32,2,1,1,4,Needs Attention
12997,United Kingdom,United Kingdom,23,4,1226.89,3,3,3,9,Loyal Customers
12999,United Kingdom,United Kingdom,197,3,455.88,1,3,2,6,At Risk
13000,United Kingdom,United Kingdom,107,3,534.85,2,3,2,7,At Risk
13001,United Kingdom,United Kingdom,5,13,9785.970000000001,4,4,4,12,Champions
13002,United Kingdom,United Kingdom,319,1,120.94999999999999,1,1,1,3,Hibernating
13003,United Kingdom,United Kingdom,106,3,149.05,2,3,1,6,At Risk
13004,United Kingdom,United Kingdom,12,18,5655.91,4,4,4,12,Champions
13005,United Kingdom,United Kingdom,174,2,513.7,1,2,2,5,Hibernating
13006,United Kingdom,United Kingdom,57,1,81.57,2,1,1,4,Needs Attention
13008,United Kingdom,United Kingdom,324,1,229.46999999999997,1,1,1,3,Hibernating
13011,United Kingdom,United Kingdom,373,1,50.550000000000004,1,1,1,3,Hibernating
13012,United Kingdom,United Kingdom,10,8,1646.8400000000001,4,4,3,11,Champions
13013,United Kingdom,United Kingdom,2,13,4810.9400000000005,4,4,4,12,Champions
13014,United Kingdom,United Kingdom,11,10,3466.2799999999997,4,4,4,12,Champions
13015,United Kingdom,United Kingdom,54,5,3339.64,2,3,4,9,At Risk
13016,United Kingdom,United Kingdom,74,3,789.89,2,3,3,8,At Risk
13017,United Kingdom,United Kingdom,8,1,204.0,4,1,1,6,Potential Loyalists
13018,United Kingdom,United Kingdom,17,28,7277.7,4,4,4,12,Champions
13021,United Kingdom,United Kingdom,5,9,2616.38,4,4,4,12,Champions
13023,United Kingdom,United Kingdom,65,2,689.9,2,2,3,7,Needs Attention
13026,United Kingdom,United Kingdom,2,5,975.36,4,3,3,10,Loyal Customers
13027,United Kingdom,United Kingdom,114,6,6912.0,2,4,4,10,At Risk
13028,United Kingdom,United Kingdom,23,2,661.3199999999999,3,2,2,7,Potential Loyalists
13029,United Kingdom,United Kingdom,31,3,1247.5,3,3,3,9,Loyal Customers
13030,United Kingdom,United Kingdom,12,2,752.4399999999999,4,2,3,9,Potential Loyalists
13032,United Kingdom,United Kingdom,53,2,1010.18,2,2,3,7,Needs Attention
13033,United Kingdom,United Kingdom,358,1,190.55,1,1,1,3,Hibernating
13034,United Kingdom,United Kingdom,55,2,642.77,2,2,2,6,Needs Attention
13035,United Kingdom,United Kingdom,74,2,921.88,2,2,3,7,Needs Attention
13037,United Kingdom,United Kingdom,139,3,881.07,2,3,3,8,At Risk
13038,United Kingdom,United Kingdom,81,3,908.46,2,3,3,8,At Risk
13040,United Kingdom,United Kingdom,9,2,676.99,4,2,3,9,Potential Loyalists
13043,United Kingdom,United Kingdom,274,1,516.42,1,1,2,4,Hibernating
13044,United Kingdom,United Kingdom,292,1,560.47,1,1,2,4,Hibernating
13045,United Kingdom,United Kingdom,100,1,305.28000000000003,2,1,1,4,Needs Attention
13046,United Kingdom,United Kingdom,31,2,629.31,3,2,2,7,Potential Loyalists
13047,United Kingdom,United Kingdom,32,10,3237.54,3,4,4,11,Loyal Customers
13048,United Kingdom,United Kingdom,15,4,1819.41,4,3,4,11,Loyal Customers
13049,United Kingdom,United Kingdom,65,2,656.6800000000001,2,2,2,6,Needs Attention
13050,United Kingdom,United Kingdom,15,17,5836.86,4,4,4,12,Champions
13052,United Kingdom,United Kingdom,213,1,348.15000000000003,1,1,2,4,Hibernating
13055,United Kingdom,United Kingdom,79,3,1214.41,2,3,3,8,At Risk
13058,United Kingdom,United Kingdom,25,3,271.40000000000003,3,3,1,7,Loyal Customers
13059,United Kingdom,United Kingdom,250,1,183.4,1,1,1,3,Hibernating
13060,United Kingdom,United Kingdom,254,1,307.53,1,1,2,4,Hibernating
13061,United Kingdom,United Kingdom,73,1,248.61,2,1,1,4,Needs Attention
13062,United Kingdom,United Kingdom,192,1,346.98,1,1,2,4,Hibernating
13064,United Kingdom,United Kingdom,13,4,1105.59,4,3,3,10,Loyal Customers
13065,United Kingdom,United Kingdom,374,1,205.86,1,1,1,3,Hibernating
13066,United Kingdom,United Kingdom,25,2,470.8,3,2,2,7,Potential Loyalists
13067,United Kingdom,United Kingdom,83,1,115.46000000000001,2,1,1,4,Needs Attention
13068,United Kingdom,United Kingdom,11,2,344.0,4,2,2,8,Potential Loyalists
13069,United Kingdom,United Kingdom,1,24,4431.44,4,4,4,12,Champions
13070,United Kingdom,United Kingdom,193,1,228.8,1,1,1,3,Hibernating
13072,United Kingdom,United Kingdom,267,1,177.15,1,1,1,3,Hibernating
13075,United Kingdom,United Kingdom,130,1,919.61,2,1,3,6,Needs Attention
13077,United Kingdom,United Kingdom,2,4,728.02,4,3,3,10,Loyal Customers
13078,United Kingdom,United Kingdom,4,26,12627.94,4,4,4,12,Champions
13079,United Kingdom,United Kingdom,5,5,220.10000000000002,4,3,1,8,Loyal Customers
13080,United Kingdom,United Kingdom,180,1,58.08,1,1,1,3,Hibernating
13081,United Kingdom,United Kingdom,12,11,28337.38,4,4,4,12,Champions
13082,United Kingdom,United Kingdom,127,9,3613.63,2,4,4,10,At Risk
13083,United Kingdom,United Kingdom,5,2,303.75,4,2,1,7,Potential Loyalists
13085,United Kingdom,United Kingdom,158,2,416.08000000000004,1,2,2,5,Hibernating
13089,United Kingdom,United Kingdom,3,97,58762.08,4,4,4,12,Champions
13090,United Kingdom,United Kingdom,9,14,8910.82,4,4,4,12,Champions
13091,United Kingdom,United Kingdom,29,1,345.82,3,1,2,6,Potential Loyalists
13092,United Kingdom,United Kingdom,71,5,477.83,2,3,2,7,At Risk
13093,United Kingdom,United Kingdom,276,8,7832.47,1,4,4,9,At Risk
13094,United Kingdom,United Kingdom,22,12,1927.3200000000002,3,4,4,11,Loyal Customers
13095,United Kingdom,United Kingdom,71,1,74.39999999999999,2,1,1,4,Needs Attention
13097,United Kingdom,United Kingdom,33,10,6003.22,3,4,4,11,Loyal Customers
13098,United Kingdom,United Kingdom,2,28,28882.44,4,4,4,12,Champions
13099,United Kingdom,United Kingdom,100,1,207.35999999999999,2,1,1,4,Needs Attention
13101,United Kingdom,United Kingdom,235,1,101.19,1,1,1,3,Hibernating
13102,United Kingdom,United Kingdom,2,24,6424.09,4,4,4,12,Champions
13103,United Kingdom,United Kingdom,40,1,243.94,3,1,1,5,Potential Loyalists
13104,United Kingdom,United Kingdom,4,6,1098.48,4,4,3,11,Champions
13106,United Kingdom,United Kingdom,134,1,76.5,2,1,1,4,Needs Attention
13107,United Kingdom,United Kingdom,45,4,1531.6200000000001,3,3,3,9,Loyal Customers
13108,United Kingdom,United Kingdom,373,1,350.06,1,1,2,4,Hibernating
13109,United Kingdom,United Kingdom,60,2,786.54,2,2,3,7,Needs Attention
13110,United Kingdom,United Kingdom,32,7,1488.67,3,4,3,10,Loyal Customers
13113,United Kingdom,United Kingdom,1,24,12245.960000000001,4,4,4,12,Champions
13115,United Kingdom,United Kingdom,12,4,2294.78,4,3,4,11,Loyal Customers
13116,United Kingdom,United Kingdom,139,1,501.14,2,1,2,5,Needs Attention
13117,United Kingdom,United Kingdom,22,8,984.91,3,4,3,10,Loyal Customers
13118,United Kingdom,United Kingdom,20,5,1197.81,3,3,3,9,Loyal Customers
13120,United Kingdom,United Kingdom,239,1,30.599999999999998,1,1,1,3,Hibernating
13121,United Kingdom,United Kingdom,270,1,283.73,1,1,1,3,Hibernating
13122,United Kingdom,United Kingdom,95,2,922.39,2,2,3,7,Needs Attention
13124,United Kingdom,United Kingdom,90,3,3756.33,2,3,4,9,At Risk
13126,United Kingdom,United Kingdom,5,8,2099.64,4,4,4,12,Champions
13127,United Kingdom,United Kingdom,78,1,259.17,2,1,1,4,Needs Attention
13130,United Kingdom,United Kingdom,95,1,64.0,2,1,1,4,Needs Attention
13131,United Kingdom,United Kingdom,24,3,1073.3,3,3,3,9,Loyal Customers
13132,United Kingdom,United Kingdom,262,1,77.3,1,1,1,3,Hibernating
13133,United Kingdom,United Kingdom,274,2,109.8,1,2,1,4,Hibernating
13134,United Kingdom,United Kingdom,86,4,1793.58,2,3,4,9,At Risk
13135,United Kingdom,United Kingdom,197,1,3096.0,1,1,4,6,Hibernating
13136,United Kingdom,United Kingdom,57,5,2607.61,2,3,4,9,At Risk
13137,United Kingdom,United Kingdom,11,8,3603.29,4,4,4,12,Champions
13138,United Kingdom,United Kingdom,23,6,962.39,3,4,3,10,Loyal Customers
13139,United Kingdom,United Kingdom,17,7,5064.94,4,4,4,12,Champions
13140,United Kingdom,United Kingdom,109,3,422.47,2,3,2,7,At Risk
13141,United Kingdom,United Kingdom,85,5,2388.75,2,3,4,9,At Risk
13142,United Kingdom,United Kingdom,20,1,307.09,3,1,2,6,Potential Loyalists
13144,United Kingdom,United Kingdom,333,1,110.95,1,1,1,3,Hibernating
13145,United Kingdom,United Kingdom,40,4,618.52,3,3,2,8,Loyal Customers
13146,United Kingdom,United Kingdom,27,1,228.91,3,1,1,5,Potential Loyalists
13147,United Kingdom,United Kingdom,11,4,712.8000000000001,4,3,3,10,Loyal Customers
13148,United Kingdom,United Kingdom,30,12,3683.26,3,4,4,11,Loyal Customers
13149,United Kingdom,United Kingdom,15,4,1676.06,4,3,4,11,Loyal Customers
13151,United Kingdom,United Kingdom,296,1,1257.8700000000001,1,1,3,5,Hibernating
13153,United Kingdom,United Kingdom,6,1,486.22,4,1,2,7,Potential Loyalists
13155,United Kingdom,United Kingdom,34,4,971.76,3,3,3,9,Loyal Customers
13157,United Kingdom,United Kingdom,50,4,1741.22,3,3,4,10,Loyal Customers
13158,United Kingdom,United Kingdom,95,4,1201.06,2,3,3,8,At Risk
13159,United Kingdom,United Kingdom,9,4,1429.35,4,3,3,10,Loyal Customers
13160,United Kingdom,United Kingdom,23,1,91.8,3,1,1,5,Potential Loyalists
13161,United Kingdom,United Kingdom,314,1,112.75,1,1,1,3,Hibernating
13162,United Kingdom,United Kingdom,123,4,1688.29,2,3,4,9,At Risk
13165,United Kingdom,United Kingdom,47,2,1021.48,3,2,3,8,Potential Loyalists
13166,United Kingdom,United Kingdom,284,1,417.2,1,1,2,4,Hibernating
13167,United Kingdom,United Kingdom,19,4,791.33,3,3,3,9,Loyal Customers
13168,United Kingdom,United Kingdom,37,4,1299.59,3,3,3,9,Loyal Customers
13169,United Kingdom,United Kingdom,64,2,712.88,2,2,3,7,Needs Attention
13170,United Kingdom,United Kingdom,27,1,108.81,3,1,1,5,Potential Loyalists
13171,United Kingdom,United Kingdom,22,3,468.41,3,3,2,8,Loyal Customers
13173,United Kingdom,United Kingdom,5,2,353.65,4,2,2,8,Potential Loyalists
13174,United Kingdom,United Kingdom,17,3,2742.82,4,3,4,11,Loyal Customers
13176,United Kingdom,United Kingdom,47,1,481.49,3,1,2,6,Potential Loyalists
13177,United Kingdom,United Kingdom,65,1,282.45,2,1,1,4,Needs Attention
13178,United Kingdom,United Kingdom,27,11,5725.47,3,4,4,11,Loyal Customers
13182,United Kingdom,United Kingdom,46,1,121.18,3,1,1,5,Potential Loyalists
13183,United Kingdom,United Kingdom,8,9,3957.78,4,4,4,12,Champions
13184,United Kingdom,United Kingdom,15,10,1668.95,4,4,4,12,Champions
13185,United Kingdom,United Kingdom,268,1,71.4,1,1,1,3,Hibernating
13186,United Kingdom,United Kingdom,40,3,1575.89,3,3,3,9,Loyal Customers
13187,United Kingdom,United Kingdom,338,1,236.02,1,1,1,3,Hibernating
13188,United Kingdom,United Kingdom,12,1,114.60000000000001,4,1,1,6,Potential Loyalists
13189,United Kingdom,United Kingdom,19,2,260.68,3,2,1,6,Potential Loyalists
13192,United Kingdom,United Kingdom,96,2,911.94,2,2,3,7,Needs Attention
13193,United Kingdom,United Kingdom,62,1,112.08,2,1,1,4,Needs Attention
13194,United Kingdom,United Kingdom,136,1,60.7,2,1,1,4,Needs Attention
13196,United Kingdom,United Kingdom,12,4,1797.78,4,3,4,11,Loyal Customers
13198,United Kingdom,United Kingdom,11,6,3401.2400000000002,4,4,4,12,Champions
13199,United Kingdom,United Kingdom,4,38,9817.12,4,4,4,12,Champions
13200,United Kingdom,United Kingdom,20,4,870.09,3,3,3,9,Loyal Customers
13203,United Kingdom,United Kingdom,10,4,869.46,4,3,3,10,Loyal Customers
13207,United Kingdom,United Kingdom,16,2,250.26000000000002,4,2,1,7,Potential Loyalists
13208,United Kingdom,United Kingdom,59,6,1217.65,2,4,3,9,At Risk
13209,United Kingdom,United Kingdom,31,8,5891.61,3,4,4,11,Loyal Customers
13210,United Kingdom,United Kingdom,94,1,353.48,2,1,2,5,Needs Attention
13211,United Kingdom,United Kingdom,11,3,1095.42,4,3,3,10,Loyal Customers
13212,United Kingdom,United Kingdom,20,3,786.83,3,3,3,9,Loyal Customers
13213,United Kingdom,United Kingdom,57,5,1520.58,2,3,3,8,At Risk
13216,United Kingdom,United Kingdom,268,1,333.74,1,1,2,4,Hibernating
13217,United Kingdom,United Kingdom,123,3,533.98,2,3,2,7,At Risk
13218,United Kingdom,United Kingdom,128,1,62.63999999999999,2,1,1,4,Needs Attention
13220,United Kingdom,United Kingdom,79,4,819.2900000000001,2,3,3,8,At Risk
13221,United Kingdom,United Kingdom,241,2,847.41,1,2,3,6,Hibernating
13223,United Kingdom,United Kingdom,201,2,163.20000000000002,1,2,1,4,Hibernating
13224,United Kingdom,United Kingdom,61,2,2155.95,2,2,4,8,Needs Attention
13225,United Kingdom,United Kingdom,4,7,6463.84,4,4,4,12,Champions
13226,United Kingdom,United Kingdom,274,1,108.21000000000001,1,1,1,3,Hibernating
13227,United Kingdom,United Kingdom,202,1,257.7,1,1,1,3,Hibernating
13228,United Kingdom,United Kingdom,82,1,358.0,2,1,2,5,Needs Attention
13229,United Kingdom,United Kingdom,226,1,160.95,1,1,1,3,Hibernating
13230,United Kingdom,United Kingdom,5,14,2755.63,4,4,4,12,Champions
13232,United Kingdom,United Kingdom,13,7,1328.35,4,4,3,11,Champions
13233,United Kingdom,United Kingdom,75,2,605.12,2,2,2,6,Needs Attention
13235,United Kingdom,United Kingdom,213,1,1031.07,1,1,3,5,Hibernating
13236,United Kingdom,United Kingdom,25,2,744.85,3,2,3,8,Potential Loyalists
13238,United Kingdom,United Kingdom,18,4,700.73,4,3,3,10,Loyal Customers
13239,United Kingdom,United Kingdom,262,1,329.56,1,1,2,4,Hibernating
13240,United Kingdom,United Kingdom,97,4,663.65,2,3,2,7,At Risk
13242,United Kingdom,United Kingdom,113,3,270.40000000000003,2,3,1,6,At Risk
13243,United Kingdom,United Kingdom,204,1,585.12,1,1,2,4,Hibernating
13244,United Kingdom,United Kingdom,93,1,121.74000000000001,2,1,1,4,Needs Attention
13245,United Kingdom,United Kingdom,51,1,430.5,3,1,2,6,Potential Loyalists
13246,United Kingdom,United Kingdom,19,6,1961.52,3,4,4,11,Loyal Customers
13247,United Kingdom,United Kingdom,18,4,501.12,4,3,2,9,Loyal Customers
13248,United Kingdom,United Kingdom,125,2,465.68,2,2,2,6,Needs Attention
13249,United Kingdom,United Kingdom,93,3,711.41,2,3,3,8,At Risk
13253,United Kingdom,United Kingdom,157,2,1030.4,1,2,3,6,Hibernating
13255,United Kingdom,United Kingdom,10,2,399.51,4,2,2,8,Potential Loyalists
13258,United Kingdom,United Kingdom,12,3,672.83,4,3,3,10,Loyal Customers
13259,United Kingdom,United Kingdom,62,1,283.18,2,1,1,4,Needs Attention
13260,United Kingdom,United Kingdom,62,1,557.62,2,1,2,5,Needs Attention
13261,United Kingdom,United Kingdom,269,2,944.1,1,2,3,6,Hibernating
13262,United Kingdom,United Kingdom,264,1,200.29,1,1,1,3,Hibernating
13263,United Kingdom,United Kingdom,2,35,7436.93,4,4,4,12,Champions
13265,United Kingdom,United Kingdom,54,5,2092.66,2,3,4,9,At Risk
13266,United Kingdom,United Kingdom,12,12,3834.2599999999998,4,4,4,12,Champions
13267,United Kingdom,United Kingdom,3,19,4521.49,4,4,4,12,Champions
13268,United Kingdom,United Kingdom,18,11,3174.75,4,4,4,12,Champions
13269,United Kingdom,United Kingdom,2,15,5343.28,4,4,4,12,Champions
13270,United Kingdom,United Kingdom,367,1,590.0,1,1,2,4,Hibernating
13271,United Kingdom,United Kingdom,38,1,211.49,3,1,1,5,Potential Loyalists
13272,United Kingdom,United Kingdom,32,2,276.56,3,2,1,6,Potential Loyalists
13273,United Kingdom,United Kingdom,114,1,138.98,2,1,1,4,Needs Attention
13276,United Kingdom,United Kingdom,64,2,590.9300000000001,2,2,2,6,Needs Attention
13277,United Kingdom,United Kingdom,16,4,258.4,4,3,1,8,Loyal Customers
13278,United Kingdom,United Kingdom,41,1,542.73,3,1,2,6,Potential Loyalists
13279,United Kingdom,United Kingdom,79,1,137.75,2,1,1,4,Needs Attention
13280,United Kingdom,United Kingdom,123,3,798.46,2,3,3,8,At Risk
13282,United Kingdom,United Kingdom,19,3,1132.14,3,3,3,9,Loyal Customers
13283,United Kingdom,United Kingdom,60,2,93.66,2,2,1,5,Needs Attention
13284,United Kingdom,United Kingdom,331,1,201.19,1,1,1,3,Hibernating
13285,United Kingdom,United Kingdom,24,4,2709.12,3,3,4,10,Loyal Customers
13291,United Kingdom,United Kingdom,156,1,361.11,1,1,2,4,Hibernating
13292,United Kingdom,United Kingdom,39,2,578.9399999999999,3,2,2,7,Potential Loyalists
13294,United Kingdom,United Kingdom,190,2,873.74,1,2,3,6,Hibernating
13295,United Kingdom,United Kingdom,360,1,201.20000000000002,1,1,1,3,Hibernating
13296,United Kingdom,United Kingdom,138,1,87.4,2,1,1,4,Needs Attention
13297,United Kingdom,United Kingdom,8,4,2089.85,4,3,4,11,Loyal Customers
13298,United Kingdom,United Kingdom,2,1,360.0,4,1,2,7,Potential Loyalists
13299,United Kingdom,United Kingdom,269,1,142.5,1,1,1,3,Hibernating
13300,United Kingdom,United Kingdom,170,1,371.89,1,1,2,4,Hibernating
13301,United Kingdom,United Kingdom,104,4,618.09,2,3,2,7,At Risk
13302,United Kingdom,United Kingdom,156,1,63.75,1,1,1,3,Hibernating
13304,United Kingdom,United Kingdom,352,1,300.42,1,1,1,3,Hibernating
13305,United Kingdom,United Kingdom,5,10,2000.86,4,4,4,12,Champions
13307,United Kingdom,United Kingdom,121,1,15.0,2,1,1,4,Needs Attention
13308,United Kingdom,United Kingdom,23,3,1385.51,3,3,3,9,Loyal Customers
13309,United Kingdom,United Kingdom,8,5,1456.79,4,3,3,10,Loyal Customers
13310,United Kingdom,United Kingdom,29,3,1132.03,3,3,3,9,Loyal Customers
13311,United Kingdom,United Kingdom,5,2,598.57,4,2,2,8,Potential Loyalists
13313,United Kingdom,United Kingdom,23,5,1555.32,3,3,3,9,Loyal Customers
13314,United Kingdom,United Kingdom,2,3,775.94,4,3,3,10,Loyal Customers
13316,United Kingdom,United Kingdom,38,4,5732.93,3,3,4,10,Loyal Customers
13317,United Kingdom,United Kingdom,67,6,2273.68,2,4,4,10,At Risk
13318,United Kingdom,United Kingdom,2,3,640.76,4,3,2,9,Loyal Customers
13319,United Kingdom,United Kingdom,6,26,10845.550000000001,4,4,4,12,Champions
13320,United Kingdom,United Kingdom,79,4,1532.2,2,3,3,8,At Risk
13321,United Kingdom,United Kingdom,73,2,567.36,2,2,2,6,Needs Attention
13322,United Kingdom,United Kingdom,18,1,199.48000000000002,4,1,1,6,Potential Loyalists
13323,United Kingdom,United Kingdom,4,5,787.85,4,3,3,10,Loyal Customers
13324,United Kingdom,United Kingdom,37,10,7121.95,3,4,4,11,Loyal Customers
13325,United Kingdom,United Kingdom,82,1,675.3,2,1,3,6,Needs Attention
13327,United Kingdom,United Kingdom,39,8,3627.77,3,4,4,11,Loyal Customers
13328,United Kingdom,United Kingdom,317,1,1308.48,1,1,3,5,Hibernating
13329,United Kingdom,United Kingdom,32,2,789.0,3,2,3,8,Potential Loyalists
13330,United Kingdom,United Kingdom,93,3,1140.93,2,3,3,8,At Risk
13332,United Kingdom,United Kingdom,15,1,350.9,4,1,2,7,Potential Loyalists
13334,United Kingdom,United Kingdom,83,3,3502.32,2,3,4,9,At Risk
13336,United Kingdom,United Kingdom,78,1,795.12,2,1,3,6,Needs Attention
13338,United Kingdom,United Kingdom,158,1,487.02,1,1,2,4,Hibernating
13339,United Kingdom,United Kingdom,201,1,860.12,1,1,3,5,Hibernating
13340,United Kingdom,United Kingdom,46,7,10736.48,3,4,4,11,Loyal Customers
13341,United Kingdom,United Kingdom,261,1,775.85,1,1,3,5,Hibernating
13343,United Kingdom,United Kingdom,178,1,353.43,1,1,2,4,Hibernating
13344,United Kingdom,United Kingdom,68,3,2511.69,2,3,4,9,At Risk
13345,United Kingdom,United Kingdom,288,1,389.5,1,1,2,4,Hibernating
13347,United Kingdom,United Kingdom,71,1,341.36,2,1,2,5,Needs Attention
13348,United Kingdom,United Kingdom,65,1,233.76,2,1,1,4,Needs Attention
13349,United Kingdom,United Kingdom,11,1,247.32,4,1,1,6,Potential Loyalists
13350,United Kingdom,United Kingdom,17,2,979.12,4,2,3,9,Potential Loyalists
13351,United Kingdom,United Kingdom,67,1,373.94,2,1,2,5,Needs Attention
13352,United Kingdom,United Kingdom,61,1,397.97999999999996,2,1,2,5,Needs Attention
13354,United Kingdom,United Kingdom,72,1,743.53,2,1,3,6,Needs Attention
13355,United Kingdom,United Kingdom,123,1,674.7,2,1,3,6,Needs Attention
13356,United Kingdom,United Kingdom,81,1,768.24,2,1,3,6,Needs Attention
13357,United Kingdom,United Kingdom,258,1,609.4,1,1,2,4,Hibernating
13358,United Kingdom,United Kingdom,269,1,439.03,1,1,2,4,Hibernating
13359,United Kingdom,United Kingdom,64,1,439.56,2,1,2,5,Needs Attention
13362,United Kingdom,United Kingdom,10,4,3090.7400000000002,4,3,4,11,Loyal Customers
13363,United Kingdom,United Kingdom,18,2,992.5,4,2,3,9,Potential Loyalists
13364,United Kingdom,United Kingdom,72,1,134.95999999999998,2,1,1,4,Needs Attention
13365,United Kingdom,United Kingdom,34,2,2225.37,3,2,4,9,Potential Loyalists
13366,United Kingdom,United Kingdom,51,1,56.160000000000004,3,1,1,5,Potential Loyalists
13368,United Kingdom,United Kingdom,257,2,623.4,1,2,2,5,Hibernating
13369,United Kingdom,United Kingdom,366,1,308.28000000000003,1,1,2,4,Hibernating
13370,United Kingdom,United Kingdom,372,1,754.87,1,1,3,5,Hibernating
13372,United Kingdom,United Kingdom,90,1,378.64,2,1,2,5,Needs Attention
13373,United Kingdom,United Kingdom,61,3,3312.25,2,3,4,9,At Risk
13375,United Kingdom,United Kingdom,89,1,778.65,2,1,3,6,Needs Attention
13376,United Kingdom,United Kingdom,100,3,1019.76,2,3,3,8,At Risk
13379,United Kingdom,United Kingdom,27,3,572.56,3,3,2,8,Loyal Customers
13381,United Kingdom,United Kingdom,32,6,3639.31,3,4,4,11,Loyal Customers
13382,United Kingdom,United Kingdom,281,1,222.99,1,1,1,3,Hibernating
13384,United Kingdom,United Kingdom,31,7,4151.93,3,4,4,11,Loyal Customers
13385,United Kingdom,United Kingdom,330,1,534.57,1,1,2,4,Hibernating
13388,United Kingdom,United Kingdom,132,2,677.1,2,2,3,7,Needs Attention
13389,United Kingdom,United Kingdom,12,3,797.96,4,3,3,10,Loyal Customers
13390,United Kingdom,United Kingdom,75,1,544.08,2,1,2,5,Needs Attention
13391,United Kingdom,United Kingdom,204,1,59.8,1,1,1,3,Hibernating
13394,United Kingdom,United Kingdom,2,8,2520.02,4,4,4,12,Champions
13395,United Kingdom,United Kingdom,186,1,307.72,1,1,2,4,Hibernating
13396,United Kingdom,United Kingdom,30,2,1360.99,3,2,3,8,Potential Loyalists
13397,United Kingdom,United Kingdom,73,5,1544.13,2,3,3,8,At Risk
13398,United Kingdom,United Kingdom,193,1,457.34,1,1,2,4,Hibernating
13402,United Kingdom,United Kingdom,128,2,621.23,2,2,2,6,Needs Attention
13403,United Kingdom,United Kingdom,18,1,75.0,4,1,1,6,Potential Loyalists
13404,United Kingdom,United Kingdom,2,2,252.49,4,2,1,7,Potential Loyalists
13405,United Kingdom,United Kingdom,75,3,572.451,2,3,2,7,At Risk
13408,United Kingdom,United Kingdom,2,62,28117.04,4,4,4,12,Champions
13410,United Kingdom,United Kingdom,25,5,1003.06,3,3,3,9,Loyal Customers
13411,United Kingdom,United Kingdom,108,1,213.55,2,1,1,4,Needs Attention
13414,United Kingdom,United Kingdom,134,3,1390.5,2,3,3,8,At Risk
13416,United Kingdom,United Kingdom,44,2,712.5,3,2,3,8,Potential Loyalists
13417,United Kingdom,United Kingdom,5,2,640.83,4,2,2,8,Potential Loyalists
13418,United Kingdom,United Kingdom,12,18,6127.43,4,4,4,12,Champions
13419,United Kingdom,United Kingdom,64,1,221.06,2,1,1,4,Needs Attention
13420,United Kingdom,United Kingdom,150,2,159.85,1,2,1,4,Hibernating
13421,United Kingdom,United Kingdom,41,2,1833.71,3,2,4,9,Potential Loyalists
13422,United Kingdom,United Kingdom,65,1,2626.3,2,1,4,7,Needs Attention
13425,United Kingdom,United Kingdom,109,3,1624.21,2,3,3,8,At Risk
13426,United Kingdom,United Kingdom,1,10,3641.32,4,4,4,12,Champions
13427,United Kingdom,United Kingdom,20,3,582.6,3,3,2,8,Loyal Customers
13428,United Kingdom,United Kingdom,11,1,201.78,4,1,1,6,Potential Loyalists
13429,United Kingdom,United Kingdom,11,4,1006.8,4,3,3,10,Loyal Customers
13430,United Kingdom,United Kingdom,19,2,679.45,3,2,3,8,Potential Loyalists
13431,United Kingdom,United Kingdom,68,2,1269.1,2,2,3,7,Needs Attention
13434,United Kingdom,United Kingdom,75,2,534.24,2,2,2,6,Needs Attention
13435,United Kingdom,United Kingdom,6,7,3809.8900000000003,4,4,4,12,Champions
13436,United Kingdom,United Kingdom,2,1,196.89,4,1,1,6,Potential Loyalists
13437,United Kingdom,United Kingdom,15,7,3408.06,4,4,4,12,Champions
13439,United Kingdom,United Kingdom,256,1,283.71,1,1,1,3,Hibernating
13441,United Kingdom,United Kingdom,92,1,296.64,2,1,1,4,Needs Attention
13447,United Kingdom,United Kingdom,24,3,1129.14,3,3,3,9,Loyal Customers
13448,United Kingdom,United Kingdom,17,6,3534.69,4,4,4,12,Champions
13449,United Kingdom,United Kingdom,24,1,291.88,3,1,1,5,Potential Loyalists
13450,United Kingdom,United Kingdom,27,6,2043.7199999999998,3,4,4,11,Loyal Customers
13451,United Kingdom,United Kingdom,27,5,2898.2599999999998,3,3,4,10,Loyal Customers
13452,United Kingdom,United Kingdom,260,2,590.0,1,2,2,5,Hibernating
13453,United Kingdom,United Kingdom,166,2,356.97999999999996,1,2,2,5,Hibernating
13455,United Kingdom,United Kingdom,25,2,1058.34,3,2,3,8,Potential Loyalists
13456,United Kingdom,United Kingdom,18,6,1766.72,4,4,4,12,Champions
13458,United Kingdom,United Kingdom,8,14,9646.57,4,4,4,12,Champions
13460,United Kingdom,United Kingdom,30,2,183.44,3,2,1,6,Potential Loyalists
13461,United Kingdom,United Kingdom,39,3,1445.0,3,3,3,9,Loyal Customers
13462,United Kingdom,United Kingdom,253,1,151.5,1,1,1,3,Hibernating
13464,United Kingdom,United Kingdom,59,1,674.68,2,1,3,6,Needs Attention
13466,United Kingdom,United Kingdom,185,1,307.9,1,1,2,4,Hibernating
13467,United Kingdom,United Kingdom,11,2,1071.91,4,2,3,9,Potential Loyalists
13468,United Kingdom,United Kingdom,2,37,5704.97,4,4,4,12,Champions
13470,United Kingdom,United Kingdom,100,2,165.0,2,2,1,5,Needs Attention
13471,United Kingdom,United Kingdom,2,4,2501.84,4,3,4,11,Loyal Customers
13473,United Kingdom,United Kingdom,61,2,422.64,2,2,2,6,Needs Attention
13474,United Kingdom,United Kingdom,237,1,226.84,1,1,1,3,Hibernating
13475,United Kingdom,United Kingdom,192,4,1431.78,1,3,3,7,At Risk
13476,United Kingdom,United Kingdom,179,2,1238.47,1,2,3,6,Hibernating
13477,United Kingdom,United Kingdom,38,6,1454.58,3,4,3,10,Loyal Customers
13479,United Kingdom,United Kingdom,201,2,300.95,1,2,1,4,Hibernating
13481,United Kingdom,United Kingdom,46,5,1804.56,3,3,4,10,Loyal Customers
13482,United Kingdom,United Kingdom,233,1,184.64,1,1,1,3,Hibernating
13483,United Kingdom,United Kingdom,66,1,140.34,2,1,1,4,Needs Attention
13484,United Kingdom,United Kingdom,242,1,313.8,1,1,2,4,Hibernating
13485,United Kingdom,United Kingdom,234,1,454.24,1,1,2,4,Hibernating
13486,United Kingdom,United Kingdom,79,3,1122.41,2,3,3,8,At Risk
13487,United Kingdom,United Kingdom,58,3,575.4,2,3,2,7,At Risk
13488,United Kingdom,United Kingdom,18,13,8968.31,4,4,4,12,Champions
13489,United Kingdom,United Kingdom,106,4,449.52,2,3,2,7,At Risk
13491,United Kingdom,United Kingdom,52,10,1215.82,2,4,3,9,At Risk
13492,Switzerland,International,137,3,1269.84,2,3,3,8,At Risk
13493,Switzerland,International,276,2,618.63,1,2,2,5,Hibernating
13494,United Kingdom,United Kingdom,312,1,316.26000000000005,1,1,2,4,Hibernating
13495,United Kingdom,United Kingdom,8,5,2044.8700000000001,4,3,4,11,Loyal Customers
13496,United Kingdom,United Kingdom,11,2,653.33,4,2,2,8,Potential Loyalists
13497,United Kingdom,United Kingdom,283,2,348.05,1,2,2,5,Hibernating
13499,United Kingdom,United Kingdom,18,5,1159.11,4,3,3,10,Loyal Customers
13500,United Kingdom,United Kingdom,24,3,1166.77,3,3,3,9,Loyal Customers
13501,Switzerland,International,289,1,1340.32,1,1,3,5,Hibernating
13502,United Kingdom,United Kingdom,17,3,292.0,4,3,1,8,Loyal Customers
13503,United Kingdom,United Kingdom,72,1,216.85,2,1,1,4,Needs Attention
13504,United Kingdom,United Kingdom,65,1,295.93,2,1,1,4,Needs Attention
13505,Switzerland,International,73,4,4393.63,2,3,4,9,At Risk
13506,United Kingdom,United Kingdom,317,2,458.52,1,2,2,5,Hibernating
13507,United Kingdom,United Kingdom,4,4,2479.16,4,3,4,11,Loyal Customers
13508,United Kingdom,United Kingdom,244,1,110.97,1,1,1,3,Hibernating
13509,United Kingdom,United Kingdom,9,7,979.72,4,4,3,11,Champions
13510,United Kingdom,United Kingdom,2,4,1791.56,4,3,4,11,Loyal Customers
13512,United Kingdom,United Kingdom,261,1,251.21,1,1,1,3,Hibernating
13513,United Kingdom,United Kingdom,127,1,205.1,2,1,1,4,Needs Attention
13514,United Kingdom,United Kingdom,74,1,152.20000000000002,2,1,1,4,Needs Attention
13515,United Kingdom,United Kingdom,73,4,891.12,2,3,3,8,At Risk
13516,United Kingdom,United Kingdom,22,3,1389.41,3,3,3,9,Loyal Customers
13517,United Kingdom,United Kingdom,60,3,2128.42,2,3,4,9,At Risk
13518,United Kingdom,United Kingdom,86,1,627.16,2,1,2,5,Needs Attention
13519,United Kingdom,United Kingdom,79,1,122.75,2,1,1,4,Needs Attention
13520,Switzerland,International,59,6,3624.35,2,4,4,10,At Risk
13521,United Kingdom,United Kingdom,2,3,1071.73,4,3,3,10,Loyal Customers
13522,United Kingdom,United Kingdom,31,1,125.80000000000001,3,1,1,5,Potential Loyalists
13523,United Kingdom,United Kingdom,34,5,3964.88,3,3,4,10,Loyal Customers
13524,United Kingdom,United Kingdom,41,5,680.1800000000001,3,3,3,9,Loyal Customers
13525,United Kingdom,United Kingdom,15,2,628.78,4,2,2,8,Potential Loyalists
13527,United Kingdom,United Kingdom,34,7,2242.36,3,4,4,11,Loyal Customers
13529,United Kingdom,United Kingdom,79,2,307.76,2,2,2,6,Needs Attention
13531,United Kingdom,United Kingdom,206,2,483.8,1,2,2,5,Hibernating
13532,United Kingdom,United Kingdom,34,1,210.31,3,1,1,5,Potential Loyalists
13533,United Kingdom,United Kingdom,183,3,269.09,1,3,1,5,At Risk
13534,United Kingdom,United Kingdom,3,25,5870.08,4,4,4,12,Champions
13536,United Kingdom,United Kingdom,2,7,3444.39,4,4,4,12,Champions
13538,United Kingdom,United Kingdom,44,7,1280.85,3,4,3,10,Loyal Customers
13539,United Kingdom,United Kingdom,86,3,631.34,2,3,2,7,At Risk
13544,United Kingdom,United Kingdom,40,2,276.06,3,2,1,6,Potential Loyalists
13546,United Kingdom,United Kingdom,13,3,621.09,4,3,2,9,Loyal Customers
13548,United Kingdom,United Kingdom,97,2,678.16,2,2,3,7,Needs Attention
13549,United Kingdom,United Kingdom,26,7,918.2,3,4,3,10,Loyal Customers
13551,United Kingdom,United Kingdom,320,1,91.80000000000001,1,1,1,3,Hibernating
13552,United Kingdom,United Kingdom,67,12,3740.07,2,4,4,10,At Risk
13555,United Kingdom,United Kingdom,74,4,4098.88,2,3,4,9,At Risk
13557,United Kingdom,United Kingdom,29,2,584.06,3,2,2,7,Potential Loyalists
13558,United Kingdom,United Kingdom,6,4,594.52,4,3,2,9,Loyal Customers
13560,United Kingdom,United Kingdom,8,1,171.42000000000002,4,1,1,6,Potential Loyalists
13561,United Kingdom,United Kingdom,216,1,141.85999999999999,1,1,1,3,Hibernating
13562,United Kingdom,United Kingdom,82,3,1799.33,2,3,4,9,At Risk
13563,United Kingdom,United Kingdom,85,2,777.53,2,2,3,7,Needs Attention
13564,United Kingdom,United Kingdom,145,3,1724.67,1,3,4,8,At Risk
13565,United Kingdom,United Kingdom,20,2,240.22,3,2,1,6,Potential Loyalists
13566,United Kingdom,United Kingdom,41,2,856.84,3,2,3,8,Potential Loyalists
13568,United Kingdom,United Kingdom,174,1,187.05,1,1,1,3,Hibernating
13569,United Kingdom,United Kingdom,18,2,338.62,4,2,2,8,Potential Loyalists
13570,United Kingdom,United Kingdom,244,1,239.49,1,1,1,3,Hibernating
13571,United Kingdom,United Kingdom,13,12,2088.94,4,4,4,12,Champions
13572,United Kingdom,United Kingdom,206,1,1384.25,1,1,3,5,Hibernating
13573,United Kingdom,United Kingdom,51,2,290.25,3,2,1,6,Potential Loyalists
13575,United Kingdom,United Kingdom,24,5,732.0699999999999,3,3,3,9,Loyal Customers
13576,United Kingdom,United Kingdom,11,18,6717.34,4,4,4,12,Champions
13577,United Kingdom,United Kingdom,26,4,1687.6000000000001,3,3,4,10,Loyal Customers
13579,United Kingdom,United Kingdom,15,2,467.04,4,2,2,8,Potential Loyalists
13581,United Kingdom,United Kingdom,310,1,118.0,1,1,1,3,Hibernating
13583,United Kingdom,United Kingdom,156,1,781.03,1,1,3,5,Hibernating
13584,United Kingdom,United Kingdom,307,1,142.4,1,1,1,3,Hibernating
13587,United Kingdom,United Kingdom,64,1,712.4,2,1,3,6,Needs Attention
13588,United Kingdom,United Kingdom,16,9,2478.95,4,4,4,12,Champions
13589,United Kingdom,United Kingdom,15,2,379.65,4,2,2,8,Potential Loyalists
13590,United Kingdom,United Kingdom,12,6,1981.92,4,4,4,12,Champions
13591,United Kingdom,United Kingdom,65,3,1117.13,2,3,3,8,At Risk
13592,United Kingdom,United Kingdom,36,4,247.95999999999998,3,3,1,7,Loyal Customers
13593,United Kingdom,United Kingdom,109,5,2011.88,2,3,4,9,At Risk
13594,United Kingdom,United Kingdom,53,1,396.97,2,1,2,5,Needs Attention
13596,United Kingdom,United Kingdom,6,2,664.11,4,2,2,8,Potential Loyalists
13598,United Kingdom,United Kingdom,48,1,160.04,3,1,1,5,Potential Loyalists
13599,United Kingdom,United Kingdom,2,21,5149.92,4,4,4,12,Champions
13600,United Kingdom,United Kingdom,313,1,219.52,1,1,1,3,Hibernating
13601,United Kingdom,United Kingdom,46,2,693.32,3,2,3,8,Potential Loyalists
13602,United Kingdom,United Kingdom,65,1,428.89,2,1,2,5,Needs Attention
13603,United Kingdom,United Kingdom,27,1,164.34,3,1,1,5,Potential Loyalists
13606,United Kingdom,United Kingdom,30,3,276.75,3,3,1,7,Loyal Customers
13607,United Kingdom,United Kingdom,41,1,675.51,3,1,3,7,Potential Loyalists
13610,United Kingdom,United Kingdom,13,7,1082.33,4,4,3,11,Champions
13611,United Kingdom,United Kingdom,90,3,1154.4,2,3,3,8,At Risk
13614,United Kingdom,United Kingdom,25,4,1585.46,3,3,3,9,Loyal Customers
13615,United Kingdom,United Kingdom,319,1,417.69,1,1,2,4,Hibernating
13617,United Kingdom,United Kingdom,41,3,544.18,3,3,2,8,Loyal Customers
13618,United Kingdom,United Kingdom,174,1,177.34,1,1,1,3,Hibernating
13621,United Kingdom,United Kingdom,117,1,213.85,2,1,1,4,Needs Attention
13623,United Kingdom,United Kingdom,31,5,727.74,3,3,3,9,Loyal Customers
13626,United Kingdom,United Kingdom,253,1,257.23,1,1,1,3,Hibernating
13627,United Kingdom,United Kingdom,60,5,1638.47,2,3,3,8,At Risk
13629,United Kingdom,United Kingdom,24,11,7792.36,3,4,4,11,Loyal Customers
13630,United Kingdom,United Kingdom,6,7,2031.78,4,4,4,12,Champions
13631,United Kingdom,United Kingdom,100,11,3070.42,2,4,4,10,At Risk
13632,United Kingdom,United Kingdom,25,5,2118.93,3,3,4,10,Loyal Customers
13634,United Kingdom,United Kingdom,34,5,1547.3600000000001,3,3,3,9,Loyal Customers
13635,United Kingdom,United Kingdom,68,1,1071.03,2,1,3,6,Needs Attention
13636,United Kingdom,United Kingdom,37,5,949.12,3,3,3,9,Loyal Customers
13637,United Kingdom,United Kingdom,53,3,804.3,2,3,3,8,At Risk
13638,United Kingdom,United Kingdom,16,1,122.64,4,1,1,6,Potential Loyalists
13639,United Kingdom,United Kingdom,75,1,1033.34,2,1,3,6,Needs Attention
13642,United Kingdom,United Kingdom,216,1,312.28,1,1,2,4,Hibernating
13643,United Kingdom,United Kingdom,32,3,519.44,3,3,2,8,Loyal Customers
13644,United Kingdom,United Kingdom,17,4,2624.26,4,3,4,11,Loyal Customers
13645,United Kingdom,United Kingdom,121,1,252.1,2,1,1,4,Needs Attention
13647,United Kingdom,United Kingdom,10,4,1648.1200000000001,4,3,3,10,Loyal Customers
13649,United Kingdom,United Kingdom,257,2,346.6,1,2,2,5,Hibernating
13650,United Kingdom,United Kingdom,17,6,1836.34,4,4,4,12,Champions
13651,United Kingdom,United Kingdom,36,2,94.2,3,2,1,6,Potential Loyalists
13652,United Kingdom,United Kingdom,46,3,1095.08,3,3,3,9,Loyal Customers
13654,United Kingdom,United Kingdom,44,6,2707.33,3,4,4,11,Loyal Customers
13655,United Kingdom,United Kingdom,115,2,932.97,2,2,3,7,Needs Attention
13656,United Kingdom,United Kingdom,165,2,379.65,1,2,2,5,Hibernating
13657,United Kingdom,United Kingdom,11,2,382.14,4,2,2,8,Potential Loyalists
13658,United Kingdom,United Kingdom,10,5,2639.17,4,3,4,11,Loyal Customers
13659,United Kingdom,United Kingdom,206,2,1563.0,1,2,3,6,Hibernating
13662,United Kingdom,United Kingdom,86,3,881.26,2,3,3,8,At Risk
13663,United Kingdom,United Kingdom,180,1,189.47,1,1,1,3,Hibernating
13666,United Kingdom,United Kingdom,61,3,84.65,2,3,1,6,At Risk
13667,United Kingdom,United Kingdom,150,1,299.05,1,1,1,3,Hibernating
13668,United Kingdom,United Kingdom,3,21,6309.83,4,4,4,12,Champions
13669,United Kingdom,United Kingdom,51,2,218.55,3,2,1,6,Potential Loyalists
13670,United Kingdom,United Kingdom,76,1,349.7,2,1,2,5,Needs Attention
13672,United Kingdom,United Kingdom,302,2,186.39000000000001,1,2,1,4,Hibernating
13673,United Kingdom,United Kingdom,19,2,387.44,3,2,2,7,Potential Loyalists
13675,United Kingdom,United Kingdom,152,2,486.82000000000005,1,2,2,5,Hibernating
13678,United Kingdom,United Kingdom,152,1,232.6,1,1,1,3,Hibernating
13680,United Kingdom,United Kingdom,2,4,3719.12,4,3,4,11,Loyal Customers
13681,United Kingdom,United Kingdom,18,4,827.83,4,3,3,10,Loyal Customers
13682,United Kingdom,United Kingdom,188,1,59.5,1,1,1,3,Hibernating
13684,United Kingdom,United Kingdom,286,1,65.13,1,1,1,3,Hibernating
13685,United Kingdom,United Kingdom,3,7,3119.44,4,4,4,12,Champions
13686,United Kingdom,United Kingdom,183,1,72.0,1,1,1,3,Hibernating
13689,United Kingdom,United Kingdom,64,1,910.0,2,1,3,6,Needs Attention
13690,United Kingdom,United Kingdom,60,1,172.25,2,1,1,4,Needs Attention
13692,United Kingdom,United Kingdom,25,3,1488.32,3,3,3,9,Loyal Customers
13694,United Kingdom,United Kingdom,4,50,65039.62,4,4,4,12,Champions
13695,United Kingdom,United Kingdom,32,15,2504.13,3,4,4,11,Loyal Customers
13697,United Kingdom,United Kingdom,39,1,151.29999999999998,3,1,1,5,Potential Loyalists
13699,United Kingdom,United Kingdom,156,1,308.58000000000004,1,1,2,4,Hibernating
13700,United Kingdom,United Kingdom,27,10,2248.63,3,4,4,11,Loyal Customers
13703,United Kingdom,United Kingdom,319,1,99.5,1,1,1,3,Hibernating
13704,United Kingdom,United Kingdom,6,9,2308.06,4,4,4,12,Champions
13705,United Kingdom,United Kingdom,8,3,711.86,4,3,3,10,Loyal Customers
13706,United Kingdom,United Kingdom,303,1,330.79,1,1,2,4,Hibernating
13707,United Kingdom,United Kingdom,268,2,806.41,1,2,3,6,Hibernating
13708,United Kingdom,United Kingdom,272,1,285.33,1,1,1,3,Hibernating
13709,United Kingdom,United Kingdom,4,13,6307.650000000001,4,4,4,12,Champions
13710,United Kingdom,United Kingdom,32,1,180.48,3,1,1,5,Potential Loyalists
13711,United Kingdom,United Kingdom,219,2,252.06,1,2,1,4,Hibernating
13712,United Kingdom,United Kingdom,247,1,228.84,1,1,1,3,Hibernating
13715,United Kingdom,United Kingdom,282,5,1077.39,1,3,3,7,At Risk
13716,United Kingdom,United Kingdom,270,1,138.28,1,1,1,3,Hibernating
13717,United Kingdom,United Kingdom,33,6,1445.01,3,4,3,10,Loyal Customers
13718,United Kingdom,United Kingdom,247,2,306.55,1,2,2,5,Hibernating
13719,United Kingdom,United Kingdom,16,5,1041.68,4,3,3,10,Loyal Customers
13720,United Kingdom,United Kingdom,117,4,799.9,2,3,3,8,At Risk
13721,United Kingdom,United Kingdom,37,1,524.14,3,1,2,6,Potential Loyalists
13722,United Kingdom,United Kingdom,132,3,2375.41,2,3,4,9,At Risk
13723,United Kingdom,United Kingdom,218,1,199.85000000000002,1,1,1,3,Hibernating
13725,United Kingdom,United Kingdom,50,8,1980.56,3,4,4,11,Loyal Customers
13726,United Kingdom,United Kingdom,39,2,1079.6599999999999,3,2,3,8,Potential Loyalists
13727,United Kingdom,United Kingdom,29,2,333.48,3,2,2,7,Potential Loyalists
13728,United Kingdom,United Kingdom,37,6,1016.14,3,4,3,10,Loyal Customers
13730,United Kingdom,United Kingdom,136,2,752.6,2,2,3,7,Needs Attention
13731,United Kingdom,United Kingdom,220,2,610.59,1,2,2,5,Hibernating
13732,United Kingdom,United Kingdom,29,1,491.86,3,1,2,6,Potential Loyalists
13735,United Kingdom,United Kingdom,25,4,2883.54,3,3,4,10,Loyal Customers
13736,United Kingdom,United Kingdom,6,2,729.8,4,2,3,9,Potential Loyalists
13737,United Kingdom,United Kingdom,201,1,339.59999999999997,1,1,2,4,Hibernating
13739,United Kingdom,United Kingdom,19,1,216.9,3,1,1,5,Potential Loyalists
13740,United Kingdom,United Kingdom,241,1,350.75,1,1,2,4,Hibernating
13741,United Kingdom,United Kingdom,72,3,668.4300000000001,2,3,2,7,At Risk
13742,United Kingdom,United Kingdom,17,12,3107.87,4,4,4,12,Champions
13743,United Kingdom,United Kingdom,3,7,1341.6,4,4,3,11,Champions
13744,United Kingdom,United Kingdom,96,2,1080.52,2,2,3,7,Needs Attention
13745,United Kingdom,United Kingdom,163,1,300.04,1,1,1,3,Hibernating
13747,United Kingdom,United Kingdom,374,1,79.6,1,1,1,3,Hibernating
13748,United Kingdom,United Kingdom,96,5,948.25,2,3,3,8,At Risk
13750,United Kingdom,United Kingdom,54,5,1647.26,2,3,3,8,At Risk
13751,United Kingdom,United Kingdom,289,1,296.25,1,1,1,3,Hibernating
13752,United Kingdom,United Kingdom,125,6,1175.38,2,4,3,9,At Risk
13753,United Kingdom,United Kingdom,288,1,741.26,1,1,3,5,Hibernating
13754,United Kingdom,United Kingdom,152,2,282.59999999999997,1,2,1,4,Hibernating
13755,United Kingdom,United Kingdom,4,9,2108.06,4,4,4,12,Champions
13756,United Kingdom,United Kingdom,3,14,5189.52,4,4,4,12,Champions
13758,United Kingdom,United Kingdom,12,7,3190.55,4,4,4,12,Champions
13759,United Kingdom,United Kingdom,34,2,659.4100000000001,3,2,2,7,Potential Loyalists
13760,United Kingdom,United Kingdom,55,2,286.79,2,2,1,5,Needs Attention
13761,United Kingdom,United Kingdom,51,2,1070.65,3,2,3,8,Potential Loyalists
13762,United Kingdom,United Kingdom,219,1,306.72,1,1,2,4,Hibernating
13763,United Kingdom,United Kingdom,64,1,1714.96,2,1,4,7,Needs Attention
13764,United Kingdom,United Kingdom,71,3,1519.42,2,3,3,8,At Risk
13767,United Kingdom,United Kingdom,3,37,17220.36,4,4,4,12,Champions
13769,United Kingdom,United Kingdom,3,10,2796.51,4,4,4,12,Champions
13771,United Kingdom,United Kingdom,65,4,2634.45,2,3,4,9,At Risk
13772,United Kingdom,United Kingdom,34,3,1122.63,3,3,3,9,Loyal Customers
13774,United Kingdom,United Kingdom,82,1,345.0,2,1,2,5,Needs Attention
13777,United Kingdom,United Kingdom,1,33,25977.16,4,4,4,12,Champions
13778,United Kingdom,United Kingdom,104,1,178.7,2,1,1,4,Needs Attention
13780,United Kingdom,United Kingdom,8,2,360.01,4,2,2,8,Potential Loyalists
13781,United Kingdom,United Kingdom,251,1,127.84,1,1,1,3,Hibernating
13782,United Kingdom,United Kingdom,13,6,908.86,4,4,3,11,Champions
13784,United Kingdom,United Kingdom,10,11,2462.79,4,4,4,12,Champions
13786,United Kingdom,United Kingdom,368,1,230.39999999999998,1,1,1,3,Hibernating
13787,United Kingdom,United Kingdom,76,2,309.04,2,2,2,6,Needs Attention
13790,United Kingdom,United Kingdom,5,1,348.8,4,1,2,7,Potential Loyalists
13791,United Kingdom,United Kingdom,128,2,1516.0,2,2,3,7,Needs Attention
13792,United Kingdom,United Kingdom,67,2,195.55,2,2,1,5,Needs Attention
13798,United Kingdom,United Kingdom,2,57,37153.85,4,4,4,12,Champions
13799,United Kingdom,United Kingdom,117,2,688.86,2,2,3,7,Needs Attention
13800,United Kingdom,United Kingdom,310,1,558.32,1,1,2,4,Hibernating
13801,United Kingdom,United Kingdom,67,1,324.8,2,1,2,5,Needs Attention
13802,United Kingdom,United Kingdom,139,3,4599.42,2,3,4,9,At Risk
13803,United Kingdom,United Kingdom,256,1,277.07,1,1,1,3,Hibernating
13804,United Kingdom,United Kingdom,31,7,2588.39,3,4,4,11,Loyal Customers
13805,United Kingdom,United Kingdom,53,2,924.6,2,2,3,7,Needs Attention
13806,United Kingdom,United Kingdom,64,1,256.38,2,1,1,4,Needs Attention
13807,United Kingdom,United Kingdom,368,1,112.6,1,1,1,3,Hibernating
13808,United Kingdom,United Kingdom,6,5,1747.66,4,3,4,11,Loyal Customers
13809,Cyprus,International,306,1,155.05,1,1,1,3,Hibernating
13810,Germany,International,29,3,1499.01,3,3,3,9,Loyal Customers
13811,Germany,International,184,3,814.5,1,3,3,7,At Risk
13812,Germany,International,43,3,539.0,3,3,2,8,Loyal Customers
13813,Germany,International,40,4,1366.8600000000001,3,3,3,9,Loyal Customers
13814,Germany,International,93,2,1579.12,2,2,3,7,Needs Attention
13815,Germany,International,23,4,4027.36,3,3,4,10,Loyal Customers
13816,Germany,International,24,2,571.6700000000001,3,2,2,7,Potential Loyalists
13817,Germany,International,30,2,382.98,3,2,2,7,Potential Loyalists
13819,United Kingdom,United Kingdom,302,3,1140.35,1,3,3,7,At Risk
13821,United Kingdom,United Kingdom,145,2,385.64,1,2,2,5,Hibernating
13822,United Kingdom,United Kingdom,6,2,632.0,4,2,2,8,Potential Loyalists
13823,United Kingdom,United Kingdom,19,2,957.66,3,2,3,8,Potential Loyalists
13824,United Kingdom,United Kingdom,33,5,1698.94,3,3,4,10,Loyal Customers
13826,United Kingdom,United Kingdom,177,1,189.5,1,1,1,3,Hibernating
13827,United Kingdom,United Kingdom,58,3,409.8,2,3,2,7,At Risk
13828,United Kingdom,United Kingdom,23,1,209.49,3,1,1,5,Potential Loyalists
13831,United Kingdom,United Kingdom,17,6,2198.45,4,4,4,12,Champions
13832,United Kingdom,United Kingdom,20,1,52.199999999999996,3,1,1,5,Potential Loyalists
13833,United Kingdom,United Kingdom,160,1,383.85,1,1,2,4,Hibernating
13835,United Kingdom,United Kingdom,26,4,834.57,3,3,3,9,Loyal Customers
13837,United Kingdom,United Kingdom,212,2,266.59000000000003,1,2,1,4,Hibernating
13838,United Kingdom,United Kingdom,6,4,674.82,4,3,3,10,Loyal Customers
13841,United Kingdom,United Kingdom,253,1,85.0,1,1,1,3,Hibernating
13842,United Kingdom,United Kingdom,59,9,3385.62,2,4,4,10,At Risk
13844,United Kingdom,United Kingdom,12,1,361.62,4,1,2,7,Potential Loyalists
13845,United Kingdom,United Kingdom,65,1,312.98,2,1,2,5,Needs Attention
13846,United Kingdom,United Kingdom,25,3,865.0600000000001,3,3,3,9,Loyal Customers
13848,United Kingdom,United Kingdom,93,3,1255.0,2,3,3,8,At Risk
13849,United Kingdom,United Kingdom,52,2,1537.95,2,2,3,7,Needs Attention
13850,United Kingdom,United Kingdom,130,1,1595.48,2,1,3,6,Needs Attention
13851,United Kingdom,United Kingdom,96,3,2651.46,2,3,4,9,At Risk
13853,United Kingdom,United Kingdom,58,1,1090.14,2,1,3,6,Needs Attention
13854,United Kingdom,United Kingdom,9,25,8109.5199999999995,4,4,4,12,Champions
13856,United Kingdom,United Kingdom,169,3,388.5,1,3,2,6,At Risk
13858,United Kingdom,United Kingdom,58,1,216.17,2,1,1,4,Needs Attention
13859,United Kingdom,United Kingdom,327,1,201.16,1,1,1,3,Hibernating
13860,United Kingdom,United Kingdom,2,5,1245.9,4,3,3,10,Loyal Customers
13862,United Kingdom,United Kingdom,19,8,2209.36,3,4,4,11,Loyal Customers
13863,United Kingdom,United Kingdom,248,1,305.78,1,1,1,3,Hibernating
13865,United Kingdom,United Kingdom,59,4,501.56,2,3,2,7,At Risk
13866,United Kingdom,United Kingdom,75,1,145.67000000000002,2,1,1,4,Needs Attention
13867,United Kingdom,United Kingdom,32,3,1005.09,3,3,3,9,Loyal Customers
13868,United Kingdom,United Kingdom,8,2,3192.54,4,2,4,10,Potential Loyalists
13869,United Kingdom,United Kingdom,124,4,3083.65,2,3,4,9,At Risk
13870,United Kingdom,United Kingdom,3,8,2770.94,4,4,4,12,Champions
13871,United Kingdom,United Kingdom,23,13,6403.25,3,4,4,11,Loyal Customers
13873,United Kingdom,United Kingdom,120,3,389.6,2,3,2,7,At Risk
13874,United Kingdom,United Kingdom,359,1,540.45,1,1,2,4,Hibernating
13875,United Kingdom,United Kingdom,54,5,1786.79,2,3,4,9,At Risk
13876,United Kingdom,United Kingdom,64,1,122.7,2,1,1,4,Needs Attention
13877,United Kingdom,United Kingdom,87,1,117.24,2,1,1,4,Needs Attention
13878,United Kingdom,United Kingdom,55,1,1271.57,2,1,3,6,Needs Attention
13880,United Kingdom,United Kingdom,22,13,3219.77,3,4,4,11,Loyal Customers
13881,United Kingdom,United Kingdom,4,20,17159.52,4,4,4,12,Champions
13882,United Kingdom,United Kingdom,3,5,1191.13,4,3,3,10,Loyal Customers
13883,United Kingdom,United Kingdom,11,5,2674.48,4,3,4,11,Loyal Customers
13884,United Kingdom,United Kingdom,8,5,787.6,4,3,3,10,Loyal Customers
13885,United Kingdom,United Kingdom,190,2,506.8,1,2,2,5,Hibernating
13886,United Kingdom,United Kingdom,72,1,243.56,2,1,1,4,Needs Attention
13887,United Kingdom,United Kingdom,205,1,349.55,1,1,2,4,Hibernating
13888,United Kingdom,United Kingdom,120,2,595.67,2,2,2,6,Needs Attention
13889,United Kingdom,United Kingdom,93,1,416.90000000000003,2,1,2,5,Needs Attention
13890,United Kingdom,United Kingdom,2,10,1883.8100000000002,4,4,4,12,Champions
13892,United Kingdom,United Kingdom,27,4,632.97,3,3,2,8,Loyal Customers
13893,United Kingdom,United Kingdom,298,1,821.1,1,1,3,5,Hibernating
13894,United Kingdom,United Kingdom,24,3,564.62,3,3,2,8,Loyal Customers
13895,United Kingdom,United Kingdom,29,4,2593.07,3,3,4,10,Loyal Customers
13897,United Kingdom,United Kingdom,51,1,311.16,3,1,2,6,Potential Loyalists
13898,United Kingdom,United Kingdom,326,1,155.93,1,1,1,3,Hibernating
13899,United Kingdom,United Kingdom,17,2,388.52,4,2,2,8,Potential Loyalists
13900,United Kingdom,United Kingdom,184,3,740.95,1,3,3,7,At Risk
13901,United Kingdom,United Kingdom,73,5,2867.2,2,3,4,9,At Risk
13904,United Kingdom,United Kingdom,38,2,332.64,3,2,2,7,Potential Loyalists
13908,United Kingdom,United Kingdom,80,4,2369.55,2,3,4,9,At Risk
13911,United Kingdom,United Kingdom,58,9,2580.91,2,4,4,10,At Risk
13914,United Kingdom,United Kingdom,12,2,626.45,4,2,2,8,Potential Loyalists
13917,United Kingdom,United Kingdom,50,2,272.04,3,2,1,6,Potential Loyalists
13918,United Kingdom,United Kingdom,50,2,1212.8400000000001,3,2,3,8,Potential Loyalists
13919,Denmark,International,60,2,384.81,2,2,2,6,Needs Attention
13922,United Kingdom,United Kingdom,352,1,172.25,1,1,1,3,Hibernating
13923,United Kingdom,United Kingdom,54,1,351.13,2,1,2,5,Needs Attention
13924,United Kingdom,United Kingdom,2,6,1838.8500000000001,4,4,4,12,Champions
13925,United Kingdom,United Kingdom,93,4,678.25,2,3,3,8,At Risk
13926,United Kingdom,United Kingdom,24,1,223.85000000000002,3,1,1,5,Potential Loyalists
13927,United Kingdom,United Kingdom,75,1,348.99,2,1,2,5,Needs Attention
13928,United Kingdom,United Kingdom,11,4,464.57,4,3,2,9,Loyal Customers
13929,United Kingdom,United Kingdom,170,2,842.65,1,2,3,6,Hibernating
13930,United Kingdom,United Kingdom,58,2,337.34,2,2,2,6,Needs Attention
13931,United Kingdom,United Kingdom,96,2,1237.53,2,2,3,7,Needs Attention
13932,United Kingdom,United Kingdom,295,1,307.4,1,1,2,4,Hibernating
13933,United Kingdom,United Kingdom,110,2,608.7900000000001,2,2,2,6,Needs Attention
13934,United Kingdom,United Kingdom,264,1,922.1,1,1,3,5,Hibernating
13936,United Kingdom,United Kingdom,180,1,376.58,1,1,2,4,Hibernating
13937,United Kingdom,United Kingdom,170,1,158.85,1,1,1,3,Hibernating
13938,United Kingdom,United Kingdom,36,1,71.66,3,1,1,5,Potential Loyalists
13939,United Kingdom,United Kingdom,24,3,568.55,3,3,2,8,Loyal Customers
13940,United Kingdom,United Kingdom,18,4,839.14,4,3,3,10,Loyal Customers
13941,United Kingdom,United Kingdom,22,5,5112.96,3,3,4,10,Loyal Customers
13946,United Kingdom,United Kingdom,80,3,561.5699999999999,2,3,2,7,At Risk
13947,United Kingdom,United Kingdom,66,1,90.6,2,1,1,4,Needs Attention
13948,United Kingdom,United Kingdom,361,1,102.0,1,1,1,3,Hibernating
13949,United Kingdom,United Kingdom,3,6,2427.32,4,4,4,12,Champions
13950,United Kingdom,United Kingdom,12,4,745.06,4,3,3,10,Loyal Customers
13951,United Kingdom,United Kingdom,177,3,674.45,1,3,3,7,At Risk
13952,United Kingdom,United Kingdom,218,2,3251.071,1,2,4,7,Hibernating
13953,United Kingdom,United Kingdom,8,7,3515.68,4,4,4,12,Champions
13954,United Kingdom,United Kingdom,2,2,439.92,4,2,2,8,Potential Loyalists
13955,United Kingdom,United Kingdom,155,2,322.96,1,2,2,5,Hibernating
13956,United Kingdom,United Kingdom,6,5,1019.27,4,3,3,10,Loyal Customers
13959,United Kingdom,United Kingdom,80,3,594.04,2,3,2,7,At Risk
13960,United Kingdom,United Kingdom,22,2,230.22,3,2,1,6,Potential Loyalists
13962,United Kingdom,United Kingdom,22,2,169.55,3,2,1,6,Potential Loyalists
13963,United Kingdom,United Kingdom,309,4,664.54,1,3,2,6,At Risk
13967,United Kingdom,United Kingdom,146,1,80.7,1,1,1,3,Hibernating
13969,United Kingdom,United Kingdom,8,18,9024.17,4,4,4,12,Champions
13971,United Kingdom,United Kingdom,19,8,2758.26,3,4,4,11,Loyal Customers
13972,United Kingdom,United Kingdom,71,2,190.25,2,2,1,5,Needs Attention
13973,United Kingdom,United Kingdom,288,1,264.7,1,1,1,3,Hibernating
13974,United Kingdom,United Kingdom,50,1,413.59000000000003,3,1,2,6,Potential Loyalists
13975,United Kingdom,United Kingdom,32,6,2461.2400000000002,3,4,4,11,Loyal Customers
13976,United Kingdom,United Kingdom,207,1,357.98,1,1,2,4,Hibernating
13978,United Kingdom,United Kingdom,15,2,196.79000000000002,4,2,1,7,Potential Loyalists
13979,United Kingdom,United Kingdom,74,1,869.87,2,1,3,6,Needs Attention
13980,United Kingdom,United Kingdom,61,1,200.14,2,1,1,4,Needs Attention
13982,United Kingdom,United Kingdom,40,4,1871.81,3,3,4,10,Loyal Customers
13983,United Kingdom,United Kingdom,30,12,2603.43,3,4,4,11,Loyal Customers
13984,United Kingdom,United Kingdom,27,5,920.51,3,3,3,9,Loyal Customers
13985,United Kingdom,United Kingdom,5,15,7060.13,4,4,4,12,Champions
13986,United Kingdom,United Kingdom,18,1,320.46,4,1,2,7,Potential Loyalists
13988,United Kingdom,United Kingdom,20,6,4147.96,3,4,4,11,Loyal Customers
13989,United Kingdom,United Kingdom,66,2,1266.08,2,2,3,7,Needs Attention
13990,United Kingdom,United Kingdom,214,1,311.3,1,1,2,4,Hibernating
13991,United Kingdom,United Kingdom,13,6,852.88,4,4,3,11,Champions
13992,United Kingdom,United Kingdom,31,1,76.8,3,1,1,5,Potential Loyalists
13993,United Kingdom,United Kingdom,43,9,3466.36,3,4,4,11,Loyal Customers
13994,United Kingdom,United Kingdom,4,6,2274.14,4,4,4,12,Champions
13995,United Kingdom,United Kingdom,16,5,1393.69,4,3,3,10,Loyal Customers
13999,United Kingdom,United Kingdom,11,12,3901.81,4,4,4,12,Champions
14000,United Kingdom,United Kingdom,212,1,635.66,1,1,2,4,Hibernating
14001,United Kingdom,United Kingdom,46,3,2043.0800000000002,3,3,4,10,Loyal Customers
14002,United Kingdom,United Kingdom,135,2,529.73,2,2,2,6,Needs Attention
14004,United Kingdom,United Kingdom,44,7,4582.64,3,4,4,11,Loyal Customers
14005,United Kingdom,United Kingdom,10,5,2874.72,4,3,4,11,Loyal Customers
14006,United Kingdom,United Kingdom,116,3,962.19,2,3,3,8,At Risk
14009,United Kingdom,United Kingdom,199,2,695.61,1,2,3,6,Hibernating
14012,United Kingdom,United Kingdom,278,1,328.8,1,1,2,4,Hibernating
14013,United Kingdom,United Kingdom,111,3,473.02,2,3,2,7,At Risk
14014,United Kingdom,United Kingdom,78,1,505.18,2,1,2,5,Needs Attention
14015,United Kingdom,United Kingdom,53,1,917.34,2,1,3,6,Needs Attention
14016,EIRE,International,162,4,4341.21,1,3,4,8,At Risk
14019,United Kingdom,United Kingdom,47,3,1421.61,3,3,3,9,Loyal Customers
14020,United Kingdom,United Kingdom,17,2,642.8,4,2,2,8,Potential Loyalists
14021,United Kingdom,United Kingdom,156,3,631.9,1,3,2,6,At Risk
14022,United Kingdom,United Kingdom,226,1,440.0,1,1,2,4,Hibernating
14023,United Kingdom,United Kingdom,8,2,584.07,4,2,2,8,Potential Loyalists
14024,United Kingdom,United Kingdom,122,2,327.7,2,2,2,6,Needs Attention
14027,United Kingdom,United Kingdom,61,1,104.82,2,1,1,4,Needs Attention
14029,United Kingdom,United Kingdom,64,2,467.66,2,2,2,6,Needs Attention
14030,United Kingdom,United Kingdom,19,8,2358.84,3,4,4,11,Loyal Customers
14031,United Kingdom,United Kingdom,8,19,17286.86,4,4,4,12,Champions
14032,United Kingdom,United Kingdom,3,11,2975.59,4,4,4,12,Champions
14034,United Kingdom,United Kingdom,23,3,648.89,3,3,2,8,Loyal Customers
14035,United Kingdom,United Kingdom,29,5,1428.02,3,3,3,9,Loyal Customers
14036,United Kingdom,United Kingdom,285,1,626.65,1,1,2,4,Hibernating
14037,United Kingdom,United Kingdom,177,2,147.20000000000002,1,2,1,4,Hibernating
14038,United Kingdom,United Kingdom,79,3,1560.38,2,3,3,8,At Risk
14039,United Kingdom,United Kingdom,34,1,152.2,3,1,1,5,Potential Loyalists
14040,United Kingdom,United Kingdom,41,12,3560.32,3,4,4,11,Loyal Customers
14041,United Kingdom,United Kingdom,267,1,141.41,1,1,1,3,Hibernating
14044,United Kingdom,United Kingdom,27,4,646.42,3,3,2,8,Loyal Customers
14045,United Kingdom,United Kingdom,110,4,1659.75,2,3,3,8,At Risk
14046,United Kingdom,United Kingdom,285,1,154.99,1,1,1,3,Hibernating
14047,United Kingdom,United Kingdom,9,5,1308.6100000000001,4,3,3,10,Loyal Customers
14048,United Kingdom,United Kingdom,306,1,409.93,1,1,2,4,Hibernating
14049,United Kingdom,United Kingdom,17,4,5578.72,4,3,4,11,Loyal Customers
14050,United Kingdom,United Kingdom,32,2,746.36,3,2,3,8,Potential Loyalists
14051,United Kingdom,United Kingdom,1,23,15610.390000000001,4,4,4,12,Champions
14052,United Kingdom,United Kingdom,20,1,225.36,3,1,1,5,Potential Loyalists
14053,United Kingdom,United Kingdom,125,2,260.25,2,2,1,5,Needs Attention
14054,United Kingdom,United Kingdom,66,1,92.46,2,1,1,4,Needs Attention
14055,United Kingdom,United Kingdom,107,1,725.6400000000001,2,1,3,6,Needs Attention
14056,United Kingdom,United Kingdom,2,23,8152.71,4,4,4,12,Champions
14057,United Kingdom,United Kingdom,24,17,6211.66,3,4,4,11,Loyal Customers
14059,United Kingdom,United Kingdom,267,1,183.6,1,1,1,3,Hibernating
14060,United Kingdom,United Kingdom,5,19,6140.42,4,4,4,12,Champions
14062,United Kingdom,United Kingdom,10,12,10464.85,4,4,4,12,Champions
14064,United Kingdom,United Kingdom,30,5,1334.34,3,3,3,9,Loyal Customers
14066,United Kingdom,United Kingdom,267,1,152.55,1,1,1,3,Hibernating
14067,United Kingdom,United Kingdom,64,2,374.7,2,2,2,6,Needs Attention
14068,United Kingdom,United Kingdom,321,1,265.85,1,1,1,3,Hibernating
14071,United Kingdom,United Kingdom,4,8,1437.57,4,4,3,11,Champions
14073,United Kingdom,United Kingdom,33,1,151.04,3,1,1,5,Potential Loyalists
14075,United Kingdom,United Kingdom,5,3,942.26,4,3,3,10,Loyal Customers
14076,United Kingdom,United Kingdom,130,1,118.67,2,1,1,4,Needs Attention
14077,United Kingdom,United Kingdom,41,5,499.41999999999996,3,3,2,8,Loyal Customers
14078,United Kingdom,United Kingdom,102,6,1049.37,2,4,3,9,At Risk
14079,United Kingdom,United Kingdom,125,1,375.1,2,1,2,5,Needs Attention
14080,United Kingdom,United Kingdom,33,1,45.599999999999994,3,1,1,5,Potential Loyalists
14081,United Kingdom,United Kingdom,303,2,921.62,1,2,3,6,Hibernating
14082,United Kingdom,United Kingdom,365,1,182.25,1,1,1,3,Hibernating
14083,United Kingdom,United Kingdom,5,9,1002.9,4,4,3,11,Champions
14085,United Kingdom,United Kingdom,3,18,4421.29,4,4,4,12,Champions
14087,United Kingdom,United Kingdom,3,1,191.47,4,1,1,6,Potential Loyalists
14088,United Kingdom,United Kingdom,11,13,50491.81,4,4,4,12,Champions
14089,United Kingdom,United Kingdom,57,1,158.75,2,1,1,4,Needs Attention
14090,United Kingdom,United Kingdom,325,1,76.32000000000001,1,1,1,3,Hibernating
14092,United Kingdom,United Kingdom,8,14,4076.91,4,4,4,12,Champions
14093,United Kingdom,United Kingdom,13,1,433.86,4,1,2,7,Potential Loyalists
14096,United Kingdom,United Kingdom,5,17,65164.79,4,4,4,12,Champions
14098,United Kingdom,United Kingdom,37,1,147.35,3,1,1,5,Potential Loyalists
14099,United Kingdom,United Kingdom,17,11,3104.17,4,4,4,12,Champions
14100,United Kingdom,United Kingdom,138,1,191.95000000000002,2,1,1,4,Needs Attention
14101,United Kingdom,United Kingdom,74,6,5976.79,2,4,4,10,At Risk
14102,United Kingdom,United Kingdom,6,5,1105.8799999999999,4,3,3,10,Loyal Customers
14104,United Kingdom,United Kingdom,155,2,216.20999999999998,1,2,1,4,Hibernating
14105,United Kingdom,United Kingdom,240,1,1266.23,1,1,3,5,Hibernating
14107,United Kingdom,United Kingdom,52,7,2703.23,2,4,4,10,At Risk
14108,United Kingdom,United Kingdom,31,2,597.91,3,2,2,7,Potential Loyalists
14109,United Kingdom,United Kingdom,73,1,144.2,2,1,1,4,Needs Attention
14110,United Kingdom,United Kingdom,4,12,5683.15,4,4,4,12,Champions
14111,United Kingdom,United Kingdom,15,4,692.85,4,3,3,10,Loyal Customers
14112,United Kingdom,United Kingdom,23,7,2915.15,3,4,4,11,Loyal Customers
14113,United Kingdom,United Kingdom,4,4,1840.42,4,3,4,11,Loyal Customers
14114,United Kingdom,United Kingdom,274,2,386.53,1,2,2,5,Hibernating
14116,United Kingdom,United Kingdom,20,5,1382.74,3,3,3,9,Loyal Customers
14117,United Kingdom,United Kingdom,144,1,90.0,1,1,1,3,Hibernating
14121,United Kingdom,United Kingdom,4,4,2780.15,4,3,4,11,Loyal Customers
14124,United Kingdom,United Kingdom,85,1,419.58000000000004,2,1,2,5,Needs Attention
14125,United Kingdom,United Kingdom,11,3,2720.63,4,3,4,11,Loyal Customers
14126,United Kingdom,United Kingdom,8,3,706.1300000000001,4,3,3,10,Loyal Customers
14127,United Kingdom,United Kingdom,123,3,709.71,2,3,3,8,At Risk
14128,United Kingdom,United Kingdom,61,2,637.5,2,2,2,6,Needs Attention
14129,United Kingdom,United Kingdom,2,5,1123.8600000000001,4,3,3,10,Loyal Customers
14130,United Kingdom,United Kingdom,320,1,480.91,1,1,2,4,Hibernating
14132,United Kingdom,United Kingdom,3,11,3586.0299999999997,4,4,4,12,Champions
14133,United Kingdom,United Kingdom,130,3,605.64,2,3,2,7,At Risk
14135,United Kingdom,United Kingdom,2,15,4690.31,4,4,4,12,Champions
14138,United Kingdom,United Kingdom,2,2,965.8800000000001,4,2,3,9,Potential Loyalists
14139,United Kingdom,United Kingdom,47,1,415.82,3,1,2,6,Potential Loyalists
14140,United Kingdom,United Kingdom,4,2,935.05,4,2,3,9,Potential Loyalists
14141,United Kingdom,United Kingdom,3,4,915.13,4,3,3,10,Loyal Customers
14142,United Kingdom,United Kingdom,374,1,311.81,1,1,2,4,Hibernating
14143,United Kingdom,United Kingdom,134,1,115.8,2,1,1,4,Needs Attention
14145,United Kingdom,United Kingdom,47,4,3742.2,3,3,4,10,Loyal Customers
14146,United Kingdom,United Kingdom,9,5,4191.0,4,3,4,11,Loyal Customers
14147,United Kingdom,United Kingdom,79,2,483.4,2,2,2,6,Needs Attention
14148,United Kingdom,United Kingdom,234,1,157.2,1,1,1,3,Hibernating
14149,United Kingdom,United Kingdom,221,1,446.62,1,1,2,4,Hibernating
14150,United Kingdom,United Kingdom,36,2,658.64,3,2,2,7,Potential Loyalists
14152,United Kingdom,United Kingdom,76,2,621.29,2,2,2,6,Needs Attention
14154,United Kingdom,United Kingdom,240,2,1345.62,1,2,3,6,Hibernating
14155,United Kingdom,United Kingdom,267,1,118.75,1,1,1,3,Hibernating
14156,EIRE,International,10,55,117210.08,4,4,4,12,Champions
14157,United Kingdom,United Kingdom,20,2,424.89000000000004,3,2,2,7,Potential Loyalists
14158,United Kingdom,United Kingdom,41,1,507.66,3,1,2,6,Potential Loyalists
14159,United Kingdom,United Kingdom,20,11,4630.35,3,4,4,11,Loyal Customers
14161,United Kingdom,United Kingdom,216,3,1097.6200000000001,1,3,3,7,At Risk
14162,United Kingdom,United Kingdom,174,2,289.36,1,2,1,4,Hibernating
14163,United Kingdom,United Kingdom,88,4,2445.91,2,3,4,9,At Risk
14164,United Kingdom,United Kingdom,71,2,1631.77,2,2,3,7,Needs Attention
14165,United Kingdom,United Kingdom,276,1,120.44,1,1,1,3,Hibernating
14167,United Kingdom,United Kingdom,40,4,562.59,3,3,2,8,Loyal Customers
14171,United Kingdom,United Kingdom,99,1,363.79,2,1,2,5,Needs Attention
14173,United Kingdom,United Kingdom,11,4,450.84,4,3,2,9,Loyal Customers
14174,United Kingdom,United Kingdom,34,1,134.46,3,1,1,5,Potential Loyalists
14175,United Kingdom,United Kingdom,60,3,3222.3,2,3,4,9,At Risk
14176,United Kingdom,United Kingdom,298,4,576.9000000000001,1,3,2,6,At Risk
14177,United Kingdom,United Kingdom,87,4,549.46,2,3,2,7,At Risk
14178,United Kingdom,United Kingdom,9,7,1600.26,4,4,3,11,Champions
14179,United Kingdom,United Kingdom,41,2,701.57,3,2,3,8,Potential Loyalists
14180,United Kingdom,United Kingdom,11,25,4748.52,4,4,4,12,Champions
14184,United Kingdom,United Kingdom,67,1,452.89,2,1,2,5,Needs Attention
14185,United Kingdom,United Kingdom,332,1,197.65,1,1,1,3,Hibernating
14188,United Kingdom,United Kingdom,31,6,2054.36,3,4,4,11,Loyal Customers
14189,United Kingdom,United Kingdom,3,15,4654.08,4,4,4,12,Champions
14191,United Kingdom,United Kingdom,2,13,4684.76,4,4,4,12,Champions
14193,United Kingdom,United Kingdom,68,2,853.39,2,2,3,7,Needs Attention
14194,United Kingdom,United Kingdom,5,21,11349.52,4,4,4,12,Champions
14195,United Kingdom,United Kingdom,202,2,1012.0,1,2,3,6,Hibernating
14196,United Kingdom,United Kingdom,107,1,335.52,2,1,2,5,Needs Attention
14198,United Kingdom,United Kingdom,19,4,701.4,3,3,3,9,Loyal Customers
14199,United Kingdom,United Kingdom,219,1,185.39999999999998,1,1,1,3,Hibernating
14201,United Kingdom,United Kingdom,61,7,747.44,2,4,3,9,At Risk
14204,United Kingdom,United Kingdom,3,1,150.61,4,1,1,6,Potential Loyalists
14205,United Kingdom,United Kingdom,17,2,466.7,4,2,2,8,Potential Loyalists
14206,United Kingdom,United Kingdom,240,1,328.15999999999997,1,1,2,4,Hibernating
14208,United Kingdom,United Kingdom,95,1,151.74,2,1,1,4,Needs Attention
14209,United Kingdom,United Kingdom,11,6,2073.43,4,4,4,12,Champions
14210,United Kingdom,United Kingdom,106,6,1905.8400000000001,2,4,4,10,At Risk
14211,United Kingdom,United Kingdom,54,9,2241.1,2,4,4,10,At Risk
14212,United Kingdom,United Kingdom,90,1,1070.48,2,1,3,6,Needs Attention
14214,United Kingdom,United Kingdom,31,5,1004.38,3,3,3,9,Loyal Customers
14215,United Kingdom,United Kingdom,12,6,1789.72,4,4,4,12,Champions
14216,United Kingdom,United Kingdom,4,4,1839.3,4,3,4,11,Loyal Customers
14217,United Kingdom,United Kingdom,2,17,2004.98,4,4,4,12,Champions
14218,United Kingdom,United Kingdom,43,1,169.48000000000002,3,1,1,5,Potential Loyalists
14219,United Kingdom,United Kingdom,5,1,89.94,4,1,1,6,Potential Loyalists
14220,United Kingdom,United Kingdom,248,2,632.4,1,2,2,5,Hibernating
14221,United Kingdom,United Kingdom,43,9,3432.8,3,4,4,11,Loyal Customers
14222,United Kingdom,United Kingdom,178,1,683.17,1,1,3,5,Hibernating
14223,United Kingdom,United Kingdom,93,3,991.13,2,3,3,8,At Risk
14224,United Kingdom,United Kingdom,111,4,1009.73,2,3,3,8,At Risk
14226,United Kingdom,United Kingdom,29,5,2214.79,3,3,4,10,Loyal Customers
14227,United Kingdom,United Kingdom,27,10,3350.96,3,4,4,11,Loyal Customers
14229,United Kingdom,United Kingdom,52,3,1547.2,2,3,3,8,At Risk
14231,United Kingdom,United Kingdom,184,3,925.71,1,3,3,7,At Risk
14232,United Kingdom,United Kingdom,43,5,2048.07,3,3,4,10,Loyal Customers
14233,United Kingdom,United Kingdom,50,4,1462.72,3,3,3,9,Loyal Customers
14234,United Kingdom,United Kingdom,23,4,754.12,3,3,3,9,Loyal Customers
14235,United Kingdom,United Kingdom,76,5,3144.86,2,3,4,9,At Risk
14236,United Kingdom,United Kingdom,81,2,490.86,2,2,2,6,Needs Attention
14237,United Kingdom,United Kingdom,374,1,161.0,1,1,1,3,Hibernating
14238,United Kingdom,United Kingdom,327,1,146.85,1,1,1,3,Hibernating
14239,United Kingdom,United Kingdom,44,11,2380.85,3,4,4,11,Loyal Customers
14240,United Kingdom,United Kingdom,31,2,890.34,3,2,3,8,Potential Loyalists
14241,United Kingdom,United Kingdom,184,1,213.70000000000002,1,1,1,3,Hibernating
14242,United Kingdom,United Kingdom,235,2,280.55,1,2,1,4,Hibernating
14243,United Kingdom,United Kingdom,9,10,2588.77,4,4,4,12,Champions
14245,United Kingdom,United Kingdom,220,2,1693.45,1,2,4,7,Hibernating
14246,United Kingdom,United Kingdom,111,3,1474.06,2,3,3,8,At Risk
14247,United Kingdom,United Kingdom,279,1,136.76999999999998,1,1,1,3,Hibernating
14248,United Kingdom,United Kingdom,319,1,302.58,1,1,1,3,Hibernating
14250,United Kingdom,United Kingdom,8,3,1904.05,4,3,4,11,Loyal Customers
14251,United Kingdom,United Kingdom,2,5,2879.7000000000003,4,3,4,11,Loyal Customers
14256,United Kingdom,United Kingdom,261,2,969.0600000000001,1,2,3,6,Hibernating
14257,United Kingdom,United Kingdom,65,5,3099.7200000000003,2,3,4,9,At Risk
14258,United Kingdom,United Kingdom,10,9,12669.98,4,4,4,12,Champions
14259,United Kingdom,United Kingdom,142,1,120.0,2,1,1,4,Needs Attention
14261,United Kingdom,United Kingdom,51,2,1163.45,3,2,3,8,Potential Loyalists
14262,United Kingdom,United Kingdom,9,8,2618.23,4,4,4,12,Champions
14264,United Kingdom,United Kingdom,155,2,333.97,1,2,2,5,Hibernating
14265,Unspecified,International,110,2,530.18,2,2,2,6,Needs Attention
14267,United Kingdom,United Kingdom,163,3,1516.24,1,3,3,7,At Risk
14270,United Kingdom,United Kingdom,332,1,492.65000000000003,1,1,2,4,Hibernating
14271,United Kingdom,United Kingdom,226,1,112.32,1,1,1,3,Hibernating
14272,United Kingdom,United Kingdom,74,2,437.96,2,2,2,6,Needs Attention
14273,United Kingdom,United Kingdom,52,4,559.97,2,3,2,7,At Risk
14276,United Kingdom,United Kingdom,99,3,1119.74,2,3,3,8,At Risk
14277,France,International,16,3,4188.0,4,3,4,11,Loyal Customers
14280,United Kingdom,United Kingdom,197,1,134.04,1,1,1,3,Hibernating
14282,United Kingdom,United Kingdom,4,15,3701.44,4,4,4,12,Champions
14284,United Kingdom,United Kingdom,31,2,595.25,3,2,2,7,Potential Loyalists
14285,United Kingdom,United Kingdom,22,4,1910.01,3,3,4,10,Loyal Customers
14286,United Kingdom,United Kingdom,24,3,4628.75,3,3,4,10,Loyal Customers
14287,United Kingdom,United Kingdom,9,3,176.63,4,3,1,8,Loyal Customers
14288,United Kingdom,United Kingdom,214,1,426.6,1,1,2,4,Hibernating
14289,United Kingdom,United Kingdom,9,6,911.26,4,4,3,11,Champions
14290,United Kingdom,United Kingdom,12,5,2314.65,4,3,4,11,Loyal Customers
14291,United Kingdom,United Kingdom,2,11,3883.25,4,4,4,12,Champions
14292,United Kingdom,United Kingdom,8,9,4871.93,4,4,4,12,Champions
14293,United Kingdom,United Kingdom,4,4,1046.56,4,3,3,10,Loyal Customers
14295,United Kingdom,United Kingdom,41,1,166.20000000000002,3,1,1,5,Potential Loyalists
14297,United Kingdom,United Kingdom,18,4,1305.33,4,3,3,10,Loyal Customers
14298,United Kingdom,United Kingdom,9,44,51527.3,4,4,4,12,Champions
14299,United Kingdom,United Kingdom,9,9,3965.62,4,4,4,12,Champions
14300,United Kingdom,United Kingdom,19,1,43.2,3,1,1,5,Potential Loyalists
14301,United Kingdom,United Kingdom,118,1,640.14,2,1,2,5,Needs Attention
14304,United Kingdom,United Kingdom,223,1,383.45,1,1,2,4,Hibernating
14305,United Kingdom,United Kingdom,72,3,1858.96,2,3,4,9,At Risk
14306,United Kingdom,United Kingdom,52,2,2093.32,2,2,4,8,Needs Attention
14307,United Kingdom,United Kingdom,89,6,2995.72,2,4,4,10,At Risk
14309,United Kingdom,United Kingdom,9,9,2352.53,4,4,4,12,Champions
14311,United Kingdom,United Kingdom,243,1,310.26,1,1,2,4,Hibernating
14312,United Kingdom,United Kingdom,47,6,1611.59,3,4,3,10,Loyal Customers
14314,United Kingdom,United Kingdom,107,1,120.0,2,1,1,4,Needs Attention
14315,United Kingdom,United Kingdom,45,6,2481.13,3,4,4,11,Loyal Customers
14317,United Kingdom,United Kingdom,65,1,508.58000000000004,2,1,2,5,Needs Attention
14320,United Kingdom,United Kingdom,207,2,477.79,1,2,2,5,Hibernating
14321,United Kingdom,United Kingdom,11,5,1530.75,4,3,3,10,Loyal Customers
14323,United Kingdom,United Kingdom,115,2,605.0600000000001,2,2,2,6,Needs Attention
14326,United Kingdom,United Kingdom,243,1,183.85,1,1,1,3,Hibernating
14327,United Kingdom,United Kingdom,164,1,311.65,1,1,2,4,Hibernating
14329,United Kingdom,United Kingdom,18,7,4975.24,4,4,4,12,Champions
14331,United Kingdom,United Kingdom,125,2,462.65999999999997,2,2,2,6,Needs Attention
14332,United Kingdom,United Kingdom,23,3,840.21,3,3,3,9,Loyal Customers
14333,United Kingdom,United Kingdom,68,1,415.2,2,1,2,5,Needs Attention
14334,United Kingdom,United Kingdom,17,8,2552.21,4,4,4,12,Champions
14335,Germany,International,17,2,454.86,4,2,2,8,Potential Loyalists
14336,United Kingdom,United Kingdom,17,4,1614.91,4,3,3,10,Loyal Customers
14338,United Kingdom,United Kingdom,162,2,588.22,1,2,2,5,Hibernating
14339,United Kingdom,United Kingdom,243,1,309.52,1,1,2,4,Hibernating
14340,United Kingdom,United Kingdom,219,1,134.7,1,1,1,3,Hibernating
14341,United Kingdom,United Kingdom,46,8,2166.98,3,4,4,11,Loyal Customers
14342,United Kingdom,United Kingdom,22,4,668.5600000000001,3,3,2,8,Loyal Customers
14344,United Kingdom,United Kingdom,128,8,889.9300000000001,2,4,3,9,At Risk
14345,United Kingdom,United Kingdom,39,1,108.97999999999999,3,1,1,5,Potential Loyalists
14346,United Kingdom,United Kingdom,121,2,1021.58,2,2,3,7,Needs Attention
14348,United Kingdom,United Kingdom,261,1,409.57,1,1,2,4,Hibernating
14349,United Kingdom,United Kingdom,11,1,133.5,4,1,1,6,Potential Loyalists
14350,United Kingdom,United Kingdom,275,1,282.93,1,1,1,3,Hibernating
14351,United Kingdom,United Kingdom,165,1,51.0,1,1,1,3,Hibernating
14352,United Kingdom,United Kingdom,158,4,1078.96,1,3,3,7,At Risk
14353,United Kingdom,United Kingdom,216,1,90.6,1,1,1,3,Hibernating
14354,United Kingdom,United Kingdom,6,2,163.62,4,2,1,7,Potential Loyalists
14355,United Kingdom,United Kingdom,366,1,174.4,1,1,1,3,Hibernating
14356,United Kingdom,United Kingdom,80,2,701.23,2,2,3,7,Needs Attention
14357,United Kingdom,United Kingdom,44,1,225.12,3,1,1,5,Potential Loyalists
14359,United Kingdom,United Kingdom,20,3,912.18,3,3,3,9,Loyal Customers
14360,United Kingdom,United Kingdom,32,4,2118.03,3,3,4,10,Loyal Customers
14362,United Kingdom,United Kingdom,23,1,151.5,3,1,1,5,Potential Loyalists
14364,United Kingdom,United Kingdom,109,8,3717.35,2,4,4,10,At Risk
14367,United Kingdom,United Kingdom,9,16,9227.82,4,4,4,12,Champions
14368,United Kingdom,United Kingdom,320,1,155.0,1,1,1,3,Hibernating
14371,United Kingdom,United Kingdom,296,1,100.5,1,1,1,3,Hibernating
14373,United Kingdom,United Kingdom,359,1,76.55,1,1,1,3,Hibernating
14375,United Kingdom,United Kingdom,186,1,235.56,1,1,1,3,Hibernating
14377,United Kingdom,United Kingdom,192,2,617.05,1,2,2,5,Hibernating
14379,United Kingdom,United Kingdom,45,2,348.1,3,2,2,7,Potential Loyalists
14381,United Kingdom,United Kingdom,53,1,202.68,2,1,1,4,Needs Attention
14382,United Kingdom,United Kingdom,27,1,615.49,3,1,2,6,Potential Loyalists
14383,United Kingdom,United Kingdom,39,3,1247.69,3,3,3,9,Loyal Customers
14385,United Kingdom,United Kingdom,10,3,202.11,4,3,1,8,Loyal Customers
14386,United Kingdom,United Kingdom,297,1,142.4,1,1,1,3,Hibernating
14387,United Kingdom,United Kingdom,33,3,1727.6,3,3,4,10,Loyal Customers
14388,United Kingdom,United Kingdom,11,8,3212.84,4,4,4,12,Champions
14389,United Kingdom,United Kingdom,66,2,1043.46,2,2,3,7,Needs Attention
14390,United Kingdom,United Kingdom,11,9,4642.57,4,4,4,12,Champions
14393,United Kingdom,United Kingdom,219,1,67.95,1,1,1,3,Hibernating
14395,United Kingdom,United Kingdom,3,9,3479.91,4,4,4,12,Champions
14396,United Kingdom,United Kingdom,66,2,487.99,2,2,2,6,Needs Attention
14397,United Kingdom,United Kingdom,3,19,2612.96,4,4,4,12,Champions
14400,United Kingdom,United Kingdom,150,1,574.7,1,1,2,4,Hibernating
14401,United Kingdom,United Kingdom,5,13,4051.48,4,4,4,12,Champions
14403,United Kingdom,United Kingdom,131,4,1475.81,2,3,3,8,At Risk
14404,United Kingdom,United Kingdom,34,6,1449.32,3,4,3,10,Loyal Customers
14406,United Kingdom,United Kingdom,120,1,156.75,2,1,1,4,Needs Attention
14407,United Kingdom,United Kingdom,108,6,2157.73,2,4,4,10,At Risk
14408,United Kingdom,United Kingdom,11,7,2599.03,4,4,4,12,Champions
14409,United Kingdom,United Kingdom,72,6,2059.4500000000003,2,4,4,10,At Risk
14410,United Kingdom,United Kingdom,93,9,1100.27,2,4,3,9,At Risk
14411,United Kingdom,United Kingdom,311,1,1063.0,1,1,3,5,Hibernating
14412,United Kingdom,United Kingdom,43,2,770.03,3,2,3,8,Potential Loyalists
14413,United Kingdom,United Kingdom,363,1,121.05,1,1,1,3,Hibernating
14414,United Kingdom,United Kingdom,92,7,1496.98,2,4,3,9,At Risk
14415,United Kingdom,United Kingdom,2,13,5855.57,4,4,4,12,Champions
14416,United Kingdom,United Kingdom,23,2,490.22,3,2,2,7,Potential Loyalists
14418,United Kingdom,United Kingdom,4,3,1937.25,4,3,4,11,Loyal Customers
14419,United Kingdom,United Kingdom,11,6,1051.79,4,4,3,11,Champions
14420,United Kingdom,United Kingdom,100,1,387.52,2,1,2,5,Needs Attention
14421,United Kingdom,United Kingdom,58,2,813.11,2,2,3,7,Needs Attention
14422,United Kingdom,United Kingdom,1,6,4263.64,4,4,4,12,Champions
14423,United Kingdom,United Kingdom,219,1,265.2,1,1,1,3,Hibernating
14424,United Kingdom,United Kingdom,18,1,322.08,4,1,2,7,Potential Loyalists
14426,United Kingdom,United Kingdom,24,10,4481.67,3,4,4,11,Loyal Customers
14427,United Kingdom,United Kingdom,51,2,363.34000000000003,3,2,2,7,Potential Loyalists
14428,United Kingdom,United Kingdom,8,5,1224.06,4,3,3,10,Loyal Customers
14431,United Kingdom,United Kingdom,303,1,470.36,1,1,2,4,Hibernating
14432,United Kingdom,United Kingdom,10,6,2248.5,4,4,4,12,Champions
14434,United Kingdom,United Kingdom,22,6,1372.8,3,4,3,10,Loyal Customers
14436,United Kingdom,United Kingdom,99,1,89.06,2,1,1,4,Needs Attention
14437,United Kingdom,United Kingdom,366,1,63.0,1,1,1,3,Hibernating
14438,United Kingdom,United Kingdom,307,1,131.9,1,1,1,3,Hibernating
14439,Greece,International,320,1,2661.24,1,1,4,6,Hibernating
14440,United Kingdom,United Kingdom,9,5,2357.6800000000003,4,3,4,11,Loyal Customers
14441,United Kingdom,United Kingdom,1,4,1712.89,4,3,4,11,Loyal Customers
14442,Channel Islands,International,205,2,1589.82,1,2,3,6,Hibernating
14443,United Kingdom,United Kingdom,54,4,1420.2,2,3,3,8,At Risk
14446,United Kingdom,United Kingdom,1,4,1010.35,4,3,3,10,Loyal Customers
14447,United Kingdom,United Kingdom,19,5,1163.23,3,3,3,9,Loyal Customers
14448,United Kingdom,United Kingdom,10,2,375.35,4,2,2,8,Potential Loyalists
14449,United Kingdom,United Kingdom,19,4,885.8,3,3,3,9,Loyal Customers
14450,United Kingdom,United Kingdom,181,3,483.25,1,3,2,6,At Risk
14451,United Kingdom,United Kingdom,61,2,643.9,2,2,2,6,Needs Attention
14452,United Kingdom,United Kingdom,11,2,259.05,4,2,1,7,Potential Loyalists
14453,United Kingdom,United Kingdom,191,1,119.93,1,1,1,3,Hibernating
14456,United Kingdom,United Kingdom,6,9,3017.28,4,4,4,12,Champions
14457,United Kingdom,United Kingdom,311,1,113.64,1,1,1,3,Hibernating
14459,United Kingdom,United Kingdom,156,1,1837.92,1,1,4,6,Hibernating
14460,United Kingdom,United Kingdom,111,3,434.34,2,3,2,7,At Risk
14461,United Kingdom,United Kingdom,149,3,2103.06,1,3,4,8,At Risk
14462,United Kingdom,United Kingdom,67,11,1980.57,2,4,4,10,At Risk
14463,United Kingdom,United Kingdom,99,3,529.62,2,3,2,7,At Risk
14465,United Kingdom,United Kingdom,247,3,1038.44,1,3,3,7,At Risk
14466,United Kingdom,United Kingdom,30,7,2272.4,3,4,4,11,Loyal Customers
14467,United Kingdom,United Kingdom,18,4,596.26,4,3,2,9,Loyal Customers
14470,United Kingdom,United Kingdom,12,2,461.19,4,2,2,8,Potential Loyalists
14472,United Kingdom,United Kingdom,104,8,1852.67,2,4,4,10,At Risk
14473,United Kingdom,United Kingdom,75,2,234.34000000000003,2,2,1,5,Needs Attention
14474,United Kingdom,United Kingdom,47,1,547.66,3,1,2,6,Potential Loyalists
14475,United Kingdom,United Kingdom,72,3,925.85,2,3,3,8,At Risk
14476,United Kingdom,United Kingdom,258,1,193.0,1,1,1,3,Hibernating
14477,United Kingdom,United Kingdom,20,4,1309.6,3,3,3,9,Loyal Customers
14479,United Kingdom,United Kingdom,254,2,316.25,1,2,2,5,Hibernating
14480,United Kingdom,United Kingdom,12,1,279.05,4,1,1,6,Potential Loyalists
14481,United Kingdom,United Kingdom,165,2,636.51,1,2,2,5,Hibernating
14482,United Kingdom,United Kingdom,19,6,2022.81,3,4,4,11,Loyal Customers
14483,United Kingdom,United Kingdom,282,1,137.1,1,1,1,3,Hibernating
14484,United Kingdom,United Kingdom,51,1,321.92,3,1,2,6,Potential Loyalists
14485,United Kingdom,United Kingdom,39,1,162.8,3,1,1,5,Potential Loyalists
14487,United Kingdom,United Kingdom,27,6,1165.48,3,4,3,10,Loyal Customers
14488,United Kingdom,United Kingdom,68,1,1064.28,2,1,3,6,Needs Attention
14489,United Kingdom,United Kingdom,208,1,463.38,1,1,2,4,Hibernating
14491,United Kingdom,United Kingdom,176,2,340.93,1,2,2,5,Hibernating
14493,United Kingdom,United Kingdom,8,5,2383.2400000000002,4,3,4,11,Loyal Customers
14494,United Kingdom,United Kingdom,26,1,139.56,3,1,1,5,Potential Loyalists
14495,United Kingdom,United Kingdom,51,2,123.8,3,2,1,6,Potential Loyalists
14496,United Kingdom,United Kingdom,312,2,538.8100000000001,1,2,2,5,Hibernating
14497,United Kingdom,United Kingdom,310,1,475.37,1,1,2,4,Hibernating
14498,United Kingdom,United Kingdom,43,5,1957.32,3,3,4,10,Loyal Customers
14499,United Kingdom,United Kingdom,27,3,808.44,3,3,3,9,Loyal Customers
14500,United Kingdom,United Kingdom,89,3,356.85,2,3,2,7,At Risk
14501,United Kingdom,United Kingdom,184,2,251.21,1,2,1,4,Hibernating
14502,United Kingdom,United Kingdom,20,11,2429.83,3,4,4,11,Loyal Customers
14503,United Kingdom,United Kingdom,4,6,3543.26,4,4,4,12,Champions
14504,United Kingdom,United Kingdom,48,4,673.26,3,3,3,9,Loyal Customers
14505,United Kingdom,United Kingdom,18,8,5859.43,4,4,4,12,Champions
14506,United Kingdom,United Kingdom,18,5,1960.65,4,3,4,11,Loyal Customers
14507,United Kingdom,United Kingdom,24,6,1367.88,3,4,3,10,Loyal Customers
14508,United Kingdom,United Kingdom,23,2,268.05,3,2,1,6,Potential Loyalists
14511,United Kingdom,United Kingdom,12,5,1314.81,4,3,3,10,Loyal Customers
14512,United Kingdom,United Kingdom,188,2,275.28,1,2,1,4,Hibernating
14513,United Kingdom,United Kingdom,101,3,455.59000000000003,2,3,2,7,At Risk
14514,United Kingdom,United Kingdom,62,3,990.2,2,3,3,8,At Risk
14515,United Kingdom,United Kingdom,18,6,2076.89,4,4,4,12,Champions
14517,United Kingdom,United Kingdom,34,2,330.45,3,2,2,7,Potential Loyalists
14518,United Kingdom,United Kingdom,65,1,174.37,2,1,1,4,Needs Attention
14520,United Kingdom,United Kingdom,2,2,270.6,4,2,1,7,Potential Loyalists
14522,United Kingdom,United Kingdom,25,4,974.54,3,3,3,9,Loyal Customers
14523,United Kingdom,United Kingdom,109,1,241.09,2,1,1,4,Needs Attention
14524,United Kingdom,United Kingdom,32,9,1843.83,3,4,4,11,Loyal Customers
14525,United Kingdom,United Kingdom,20,9,4215.9,3,4,4,11,Loyal Customers
14527,United Kingdom,United Kingdom,3,55,8507.13,4,4,4,12,Champions
14528,United Kingdom,United Kingdom,38,1,364.21999999999997,3,1,2,6,Potential Loyalists
14529,United Kingdom,United Kingdom,61,3,578.61,2,3,2,7,At Risk
14530,United Kingdom,United Kingdom,26,6,2862.11,3,4,4,11,Loyal Customers
14532,United Kingdom,United Kingdom,237,4,932.85,1,3,3,7,At Risk
14533,United Kingdom,United Kingdom,25,7,1949.72,3,4,4,11,Loyal Customers
14534,United Kingdom,United Kingdom,3,18,4397.3,4,4,4,12,Champions
14535,United Kingdom,United Kingdom,61,3,2854.84,2,3,4,9,At Risk
14536,United Kingdom,United Kingdom,260,1,170.95,1,1,1,3,Hibernating
14537,United Kingdom,United Kingdom,58,1,355.56,2,1,2,5,Needs Attention
14538,United Kingdom,United Kingdom,65,2,388.25,2,2,2,6,Needs Attention
14539,United Kingdom,United Kingdom,16,2,537.48,4,2,2,8,Potential Loyalists
14540,United Kingdom,United Kingdom,10,3,952.66,4,3,3,10,Loyal Customers
14541,United Kingdom,United Kingdom,59,8,1453.35,2,4,3,9,At Risk
14542,United Kingdom,United Kingdom,186,1,103.25,1,1,1,3,Hibernating
14543,United Kingdom,United Kingdom,29,16,3599.73,3,4,4,11,Loyal Customers
14544,United Kingdom,United Kingdom,25,2,2004.3,3,2,4,9,Potential Loyalists
14546,United Kingdom,United Kingdom,6,5,2573.93,4,3,4,11,Loyal Customers
14547,United Kingdom,United Kingdom,4,8,3974.75,4,4,4,12,Champions
14548,United Kingdom,United Kingdom,151,2,652.8,1,2,2,5,Hibernating
14549,United Kingdom,United Kingdom,312,1,289.24,1,1,1,3,Hibernating
14550,United Kingdom,United Kingdom,11,2,757.37,4,2,3,9,Potential Loyalists
14551,United Kingdom,United Kingdom,19,2,186.23,3,2,1,6,Potential Loyalists
14552,United Kingdom,United Kingdom,152,1,164.22,1,1,1,3,Hibernating
14553,United Kingdom,United Kingdom,20,5,859.27,3,3,3,9,Loyal Customers
14554,United Kingdom,United Kingdom,11,4,2279.4900000000002,4,3,4,11,Loyal Customers
14555,United Kingdom,United Kingdom,58,2,312.54,2,2,2,6,Needs Attention
14557,United Kingdom,United Kingdom,86,1,788.38,2,1,3,6,Needs Attention
14560,United Kingdom,United Kingdom,8,22,2237.77,4,4,4,12,Champions
14561,United Kingdom,United Kingdom,76,3,1080.76,2,3,3,8,At Risk
14562,United Kingdom,United Kingdom,4,18,5006.77,4,4,4,12,Champions
14565,United Kingdom,United Kingdom,96,4,3099.12,2,3,4,9,At Risk
14566,Channel Islands,International,111,1,1432.0,2,1,3,6,Needs Attention
14567,United Kingdom,United Kingdom,57,2,1530.3600000000001,2,2,3,7,Needs Attention
14569,United Kingdom,United Kingdom,2,1,227.39,4,1,1,6,Potential Loyalists
14570,United Kingdom,United Kingdom,281,2,218.06,1,2,1,4,Hibernating
14572,United Kingdom,United Kingdom,4,7,2804.54,4,4,4,12,Champions
14573,United Kingdom,United Kingdom,180,9,1639.82,1,4,3,8,At Risk
14576,United Kingdom,United Kingdom,373,1,35.400000000000006,1,1,1,3,Hibernating
14577,United Kingdom,United Kingdom,13,4,859.71,4,3,3,10,Loyal Customers
14578,United Kingdom,United Kingdom,4,1,168.63,4,1,1,6,Potential Loyalists
14581,United Kingdom,United Kingdom,17,1,138.6,4,1,1,6,Potential Loyalists
14582,United Kingdom,United Kingdom,41,1,114.11,3,1,1,5,Potential Loyalists
14583,United Kingdom,United Kingdom,6,5,986.96,4,3,3,10,Loyal Customers
14584,United Kingdom,United Kingdom,170,4,1033.06,1,3,3,7,At Risk
14585,United Kingdom,United Kingdom,51,1,157.05,3,1,1,5,Potential Loyalists
14586,United Kingdom,United Kingdom,277,1,237.36,1,1,1,3,Hibernating
14587,United Kingdom,United Kingdom,19,9,1580.29,3,4,3,10,Loyal Customers
14589,United Kingdom,United Kingdom,372,1,39.75,1,1,1,3,Hibernating
14591,United Kingdom,United Kingdom,16,4,1320.21,4,3,3,10,Loyal Customers
14592,United Kingdom,United Kingdom,36,3,557.94,3,3,2,8,Loyal Customers
14593,United Kingdom,United Kingdom,22,3,617.15,3,3,2,8,Loyal Customers
14594,United Kingdom,United Kingdom,8,2,363.33,4,2,2,8,Potential Loyalists
14595,United Kingdom,United Kingdom,20,6,1740.6,3,4,4,11,Loyal Customers
14597,United Kingdom,United Kingdom,12,2,866.24,4,2,3,9,Potential Loyalists
14598,United Kingdom,United Kingdom,45,1,221.97,3,1,1,5,Potential Loyalists
14600,United Kingdom,United Kingdom,306,1,393.33000000000004,1,1,2,4,Hibernating
14601,United Kingdom,United Kingdom,11,1,213.96,4,1,1,6,Potential Loyalists
14603,United Kingdom,United Kingdom,275,1,660.0,1,1,2,4,Hibernating
14606,United Kingdom,United Kingdom,2,93,12076.15,4,4,4,12,Champions
14607,United Kingdom,United Kingdom,16,14,16209.5,4,4,4,12,Champions
14608,United Kingdom,United Kingdom,5,4,1785.15,4,3,4,11,Loyal Customers
14609,United Kingdom,United Kingdom,73,4,601.56,2,3,2,7,At Risk
14616,United Kingdom,United Kingdom,243,3,406.08000000000004,1,3,2,6,At Risk
14618,United Kingdom,United Kingdom,10,3,553.44,4,3,2,9,Loyal Customers
14619,United Kingdom,United Kingdom,246,1,394.44,1,1,2,4,Hibernating
14620,United Kingdom,United Kingdom,206,2,412.78000000000003,1,2,2,5,Hibernating
14621,United Kingdom,United Kingdom,2,5,1788.3600000000001,4,3,4,11,Loyal Customers
14622,United Kingdom,United Kingdom,185,1,320.58000000000004,1,1,2,4,Hibernating
14623,United Kingdom,United Kingdom,33,5,886.7,3,3,3,9,Loyal Customers
14624,United Kingdom,United Kingdom,58,2,225.85,2,2,1,5,Needs Attention
14625,United Kingdom,United Kingdom,197,2,899.63,1,2,3,6,Hibernating
14626,United Kingdom,United Kingdom,24,4,2791.27,3,3,4,10,Loyal Customers
14628,United Kingdom,United Kingdom,92,2,671.96,2,2,3,7,Needs Attention
14629,United Kingdom,United Kingdom,5,2,955.26,4,2,3,9,Potential Loyalists
14631,United Kingdom,United Kingdom,51,3,1006.98,3,3,3,9,Loyal Customers
14632,United Kingdom,United Kingdom,263,1,114.56,1,1,1,3,Hibernating
14633,United Kingdom,United Kingdom,267,1,344.90000000000003,1,1,2,4,Hibernating
14636,United Kingdom,United Kingdom,37,2,609.85,3,2,2,7,Potential Loyalists
14638,United Kingdom,United Kingdom,51,1,443.6,3,1,2,6,Potential Loyalists
14639,United Kingdom,United Kingdom,53,6,2984.49,2,4,4,10,At Risk
14640,United Kingdom,United Kingdom,25,6,2107.38,3,4,4,11,Loyal Customers
14641,United Kingdom,United Kingdom,22,1,110.46,3,1,1,5,Potential Loyalists
14642,United Kingdom,United Kingdom,59,1,96.12,2,1,1,4,Needs Attention
14643,United Kingdom,United Kingdom,171,2,693.8100000000001,1,2,3,6,Hibernating
14644,United Kingdom,United Kingdom,68,2,830.76,2,2,3,7,Needs Attention
14645,United Kingdom,United Kingdom,157,2,597.09,1,2,2,5,Hibernating
14646,Netherlands,International,2,73,280206.02,4,4,4,12,Champions
14647,United Kingdom,United Kingdom,202,1,236.04000000000002,1,1,1,3,Hibernating
14649,United Kingdom,United Kingdom,5,4,1402.59,4,3,3,10,Loyal Customers
14651,United Kingdom,United Kingdom,68,2,653.75,2,2,2,6,Needs Attention
14652,United Kingdom,United Kingdom,78,1,114.18,2,1,1,4,Needs Attention
14653,United Kingdom,United Kingdom,2,7,1926.65,4,4,4,12,Champions
14655,United Kingdom,United Kingdom,9,4,1932.23,4,3,4,11,Loyal Customers
14656,United Kingdom,United Kingdom,170,2,291.05,1,2,1,4,Hibernating
14657,United Kingdom,United Kingdom,18,4,848.22,4,3,3,10,Loyal Customers
14658,United Kingdom,United Kingdom,6,2,247.15,4,2,1,7,Potential Loyalists
14659,United Kingdom,United Kingdom,9,9,2529.93,4,4,4,12,Champions
14660,United Kingdom,United Kingdom,87,2,285.74,2,2,1,5,Needs Attention
14661,United Kingdom,United Kingdom,27,1,107.95,3,1,1,5,Potential Loyalists
14662,United Kingdom,United Kingdom,29,4,741.37,3,3,3,9,Loyal Customers
14664,United Kingdom,United Kingdom,20,2,636.24,3,2,2,7,Potential Loyalists
14665,United Kingdom,United Kingdom,61,5,1835.7,2,3,4,9,At Risk
14666,United Kingdom,United Kingdom,25,1,195.25,3,1,1,5,Potential Loyalists
14667,United Kingdom,United Kingdom,11,25,9175.04,4,4,4,12,Champions
14669,United Kingdom,United Kingdom,242,3,1259.24,1,3,3,7,At Risk
14670,United Kingdom,United Kingdom,281,2,392.86,1,2,2,5,Hibernating
14672,United Kingdom,United Kingdom,235,2,765.55,1,2,3,6,Hibernating
14673,United Kingdom,United Kingdom,4,5,1736.4,4,3,4,11,Loyal Customers
14675,United Kingdom,United Kingdom,17,1,596.36,4,1,2,7,Potential Loyalists
14676,United Kingdom,United Kingdom,32,6,2548.2400000000002,3,4,4,11,Loyal Customers
14680,United Kingdom,United Kingdom,26,16,28754.11,3,4,4,11,Loyal Customers
14681,United Kingdom,United Kingdom,72,3,498.95,2,3,2,7,At Risk
14682,United Kingdom,United Kingdom,188,2,52.0,1,2,1,4,Hibernating
14684,United Kingdom,United Kingdom,26,5,1201.51,3,3,3,9,Loyal Customers
14687,United Kingdom,United Kingdom,107,1,628.38,2,1,2,5,Needs Attention
14688,United Kingdom,United Kingdom,8,21,5579.1,4,4,4,12,Champions
14689,United Kingdom,United Kingdom,209,1,112.8,1,1,1,3,Hibernating
14690,United Kingdom,United Kingdom,45,2,355.05,3,2,2,7,Potential Loyalists
14691,United Kingdom,United Kingdom,31,5,2114.33,3,3,4,10,Loyal Customers
14692,United Kingdom,United Kingdom,138,4,591.55,2,3,2,7,At Risk
14693,United Kingdom,United Kingdom,265,1,172.9,1,1,1,3,Hibernating
14696,United Kingdom,United Kingdom,5,7,2078.95,4,4,4,12,Champions
14697,United Kingdom,United Kingdom,219,2,188.60999999999999,1,2,1,4,Hibernating
14698,United Kingdom,United Kingdom,2,5,1217.27,4,3,3,10,Loyal Customers
14699,United Kingdom,United Kingdom,215,1,109.13000000000001,1,1,1,3,Hibernating
14700,United Kingdom,United Kingdom,33,3,2195.1,3,3,4,10,Loyal Customers
14701,United Kingdom,United Kingdom,11,9,2526.09,4,4,4,12,Champions
14702,United Kingdom,United Kingdom,2,17,3251.79,4,4,4,12,Champions
14703,United Kingdom,United Kingdom,15,1,318.17,4,1,2,7,Potential Loyalists
14704,United Kingdom,United Kingdom,12,9,1493.96,4,4,3,11,Champions
14705,United Kingdom,United Kingdom,199,1,179.0,1,1,1,3,Hibernating
14708,United Kingdom,United Kingdom,3,3,1126.37,4,3,3,10,Loyal Customers
14709,United Kingdom,United Kingdom,16,13,4921.04,4,4,4,12,Champions
14710,United Kingdom,United Kingdom,15,4,599.48,4,3,2,9,Loyal Customers
14711,United Kingdom,United Kingdom,11,11,2839.62,4,4,4,12,Champions
14712,United Kingdom,United Kingdom,30,3,917.07,3,3,3,9,Loyal Customers
14713,United Kingdom,United Kingdom,10,11,2662.2,4,4,4,12,Champions
14714,United Kingdom,United Kingdom,25,1,160.19,3,1,1,5,Potential Loyalists
14715,United Kingdom,United Kingdom,25,4,867.38,3,3,3,9,Loyal Customers
14716,United Kingdom,United Kingdom,44,2,307.51,3,2,2,7,Potential Loyalists
14719,United Kingdom,United Kingdom,2,5,1581.84,4,3,3,10,Loyal Customers
14720,United Kingdom,United Kingdom,6,3,663.81,4,3,2,9,Loyal Customers
14722,United Kingdom,United Kingdom,148,1,180.42000000000002,1,1,1,3,Hibernating
14723,United Kingdom,United Kingdom,11,6,1122.3600000000001,4,4,3,11,Champions
14725,United Kingdom,United Kingdom,25,1,655.58,3,1,2,6,Potential Loyalists
14727,United Kingdom,United Kingdom,275,1,268.58,1,1,1,3,Hibernating
14729,United Kingdom,United Kingdom,374,1,313.49,1,1,2,4,Hibernating
14730,United Kingdom,United Kingdom,2,8,1897.57,4,4,4,12,Champions
14731,United Kingdom,United Kingdom,48,3,380.02,3,3,2,8,Loyal Customers
14732,United Kingdom,United Kingdom,9,8,2702.4900000000002,4,4,4,12,Champions
14733,United Kingdom,United Kingdom,17,12,9585.91,4,4,4,12,Champions
14735,United Kingdom,United Kingdom,4,32,6065.69,4,4,4,12,Champions
14737,United Kingdom,United Kingdom,4,3,1164.55,4,3,3,10,Loyal Customers
14738,United Kingdom,United Kingdom,43,7,1314.45,3,4,3,10,Loyal Customers
14739,United Kingdom,United Kingdom,5,7,3902.28,4,4,4,12,Champions
14740,United Kingdom,United Kingdom,198,3,1448.21,1,3,3,7,At Risk
14741,United Kingdom,United Kingdom,12,6,1400.34,4,4,3,11,Champions
14744,United Kingdom,United Kingdom,17,7,1099.98,4,4,3,11,Champions
14745,United Kingdom,United Kingdom,113,5,1220.26,2,3,3,8,At Risk
14747,United Kingdom,United Kingdom,250,1,328.2,1,1,2,4,Hibernating
14748,United Kingdom,United Kingdom,30,5,1415.75,3,3,3,9,Loyal Customers
14752,United Kingdom,United Kingdom,44,1,389.64,3,1,2,6,Potential Loyalists
14753,United Kingdom,United Kingdom,88,1,563.15,2,1,2,5,Needs Attention
14754,United Kingdom,United Kingdom,45,2,638.05,3,2,2,7,Potential Loyalists
14755,United Kingdom,United Kingdom,10,11,5010.28,4,4,4,12,Champions
14756,United Kingdom,United Kingdom,16,1,738.96,4,1,3,8,Potential Loyalists
14757,United Kingdom,United Kingdom,76,1,420.5,2,1,2,5,Needs Attention
14758,United Kingdom,United Kingdom,145,4,1484.06,1,3,3,7,At Risk
14759,United Kingdom,United Kingdom,5,3,1625.97,4,3,3,10,Loyal Customers
14760,United Kingdom,United Kingdom,298,1,89.2,1,1,1,3,Hibernating
14761,United Kingdom,United Kingdom,59,2,255.9,2,2,1,5,Needs Attention
14762,United Kingdom,United Kingdom,264,1,300.52,1,1,1,3,Hibernating
14764,United Kingdom,United Kingdom,47,1,278.3,3,1,1,5,Potential Loyalists
14765,United Kingdom,United Kingdom,30,3,254.11,3,3,1,7,Loyal Customers
14766,United Kingdom,United Kingdom,9,6,2473.37,4,4,4,12,Champions
14768,United Kingdom,United Kingdom,18,2,192.60000000000002,4,2,1,7,Potential Loyalists
14769,United Kingdom,United Kingdom,3,8,10416.98,4,4,4,12,Champions
14770,United Kingdom,United Kingdom,233,2,876.42,1,2,3,6,Hibernating
14772,United Kingdom,United Kingdom,113,1,139.26,2,1,1,4,Needs Attention
14775,United Kingdom,United Kingdom,59,3,1011.9,2,3,3,8,At Risk
14776,United Kingdom,United Kingdom,52,11,2538.3,2,4,4,10,At Risk
14778,United Kingdom,United Kingdom,128,2,730.86,2,2,3,7,Needs Attention
14779,United Kingdom,United Kingdom,281,3,386.15,1,3,2,6,At Risk
14780,United Kingdom,United Kingdom,55,2,447.68,2,2,2,6,Needs Attention
14782,United Kingdom,United Kingdom,320,1,200.10000000000002,1,1,1,3,Hibernating
14784,United Kingdom,United Kingdom,27,2,289.99,3,2,1,6,Potential Loyalists
14785,United Kingdom,United Kingdom,11,2,77.4,4,2,1,7,Potential Loyalists
14788,United Kingdom,United Kingdom,8,2,679.4399999999999,4,2,3,9,Potential Loyalists
14789,United Kingdom,United Kingdom,29,1,197.64,3,1,1,5,Potential Loyalists
14790,United Kingdom,United Kingdom,17,4,745.06,4,3,3,10,Loyal Customers
14792,United Kingdom,United Kingdom,64,1,6.2,2,1,1,4,Needs Attention
14793,United Kingdom,United Kingdom,22,1,228.99,3,1,1,5,Potential Loyalists
14794,United Kingdom,United Kingdom,3,7,1319.91,4,4,3,11,Champions
14795,United Kingdom,United Kingdom,167,1,131.45000000000002,1,1,1,3,Hibernating
14796,United Kingdom,United Kingdom,2,17,7975.49,4,4,4,12,Champions
14798,United Kingdom,United Kingdom,53,3,173.74,2,3,1,6,At Risk
14799,United Kingdom,United Kingdom,52,1,157.7,2,1,1,4,Needs Attention
14800,United Kingdom,United Kingdom,48,12,4331.79,3,4,4,11,Loyal Customers
14801,United Kingdom,United Kingdom,62,1,189.34,2,1,1,4,Needs Attention
14803,United Kingdom,United Kingdom,163,3,845.55,1,3,3,7,At Risk
14804,United Kingdom,United Kingdom,9,1,353.27,4,1,2,7,Potential Loyalists
14805,United Kingdom,United Kingdom,16,4,546.4,4,3,2,9,Loyal Customers
14806,United Kingdom,United Kingdom,76,1,193.39000000000001,2,1,1,4,Needs Attention
14808,United Kingdom,United Kingdom,40,8,2718.6,3,4,4,11,Loyal Customers
14810,United Kingdom,United Kingdom,41,11,2085.33,3,4,4,11,Loyal Customers
14813,United Kingdom,United Kingdom,370,2,152.88,1,2,1,4,Hibernating
14815,United Kingdom,United Kingdom,37,2,778.5,3,2,3,8,Potential Loyalists
14816,United Kingdom,United Kingdom,198,1,271.85,1,1,1,3,Hibernating
14817,United Kingdom,United Kingdom,201,2,1110.34,1,2,3,6,Hibernating
14818,United Kingdom,United Kingdom,74,3,657.8,2,3,2,7,At Risk
14819,United Kingdom,United Kingdom,65,2,272.07,2,2,1,5,Needs Attention
14820,United Kingdom,United Kingdom,22,4,507.29,3,3,2,8,Loyal Customers
14821,United Kingdom,United Kingdom,367,1,48.800000000000004,1,1,1,3,Hibernating
14823,United Kingdom,United Kingdom,181,3,321.43,1,3,2,6,At Risk
14824,United Kingdom,United Kingdom,11,4,1127.71,4,3,3,10,Loyal Customers
14825,United Kingdom,United Kingdom,4,12,2221.01,4,4,4,12,Champions
14828,United Kingdom,United Kingdom,197,3,2139.76,1,3,4,8,At Risk
14829,United Kingdom,United Kingdom,30,4,697.55,3,3,3,9,Loyal Customers
14830,United Kingdom,United Kingdom,54,1,188.88,2,1,1,4,Needs Attention
14834,United Kingdom,United Kingdom,18,6,1720.3,4,4,4,12,Champions
14836,United Kingdom,United Kingdom,11,3,102.44999999999999,4,3,1,8,Loyal Customers
14837,United Kingdom,United Kingdom,90,4,1649.5,2,3,3,8,At Risk
14840,United Kingdom,United Kingdom,268,1,62.85,1,1,1,3,Hibernating
14841,United Kingdom,United Kingdom,54,6,3295.76,2,4,4,10,At Risk
14842,United Kingdom,United Kingdom,44,4,2824.69,3,3,4,10,Loyal Customers
14844,United Kingdom,United Kingdom,64,4,3189.81,2,3,4,9,At Risk
14847,United Kingdom,United Kingdom,149,1,309.4,1,1,2,4,Hibernating
14849,United Kingdom,United Kingdom,22,25,7930.54,3,4,4,11,Loyal Customers
14850,United Kingdom,United Kingdom,312,1,325.75,1,1,2,4,Hibernating
14851,United Kingdom,United Kingdom,24,2,511.35,3,2,2,7,Potential Loyalists
14852,United Kingdom,United Kingdom,59,6,2836.69,2,4,4,10,At Risk
14853,United Kingdom,United Kingdom,25,2,475.8,3,2,2,7,Potential Loyalists
14854,United Kingdom,United Kingdom,79,7,2740.03,2,4,4,10,At Risk
14855,United Kingdom,United Kingdom,120,2,645.65,2,2,2,6,Needs Attention
14856,United Kingdom,United Kingdom,37,3,1290.53,3,3,3,9,Loyal Customers
14857,United Kingdom,United Kingdom,60,2,1173.12,2,2,3,7,Needs Attention
14859,United Kingdom,United Kingdom,13,4,1353.74,4,3,3,10,Loyal Customers
14860,United Kingdom,United Kingdom,20,1,170.32,3,1,1,5,Potential Loyalists
14861,United Kingdom,United Kingdom,53,1,125.79,2,1,1,4,Needs Attention
14862,United Kingdom,United Kingdom,26,2,841.1999999999999,3,2,3,8,Potential Loyalists
14863,United Kingdom,United Kingdom,30,1,266.76,3,1,1,5,Potential Loyalists
14865,United Kingdom,United Kingdom,8,2,52.2,4,2,1,7,Potential Loyalists
14866,United Kingdom,United Kingdom,11,12,14389.9,4,4,4,12,Champions
14867,United Kingdom,United Kingdom,186,3,710.28,1,3,3,7,At Risk
14868,United Kingdom,United Kingdom,4,8,2953.59,4,4,4,12,Champions
14869,United Kingdom,United Kingdom,9,2,721.45,4,2,3,9,Potential Loyalists
14870,United Kingdom,United Kingdom,262,1,327.25,1,1,2,4,Hibernating
14871,United Kingdom,United Kingdom,4,4,501.28000000000003,4,3,2,9,Loyal Customers
14873,United Kingdom,United Kingdom,211,1,519.68,1,1,2,4,Hibernating
14875,United Kingdom,United Kingdom,108,2,1465.3200000000002,2,2,3,7,Needs Attention
14878,United Kingdom,United Kingdom,13,9,1476.09,4,4,3,11,Champions
14880,United Kingdom,United Kingdom,78,3,690.59,2,3,3,8,At Risk
14881,United Kingdom,United Kingdom,20,1,255.4,3,1,1,5,Potential Loyalists
14882,United Kingdom,United Kingdom,27,2,589.7,3,2,2,7,Potential Loyalists
14883,United Kingdom,United Kingdom,19,6,761.59,3,4,3,10,Loyal Customers
14885,United Kingdom,United Kingdom,132,1,765.3199999999999,2,1,3,6,Needs Attention
14886,United Kingdom,United Kingdom,253,1,364.8,1,1,2,4,Hibernating
14887,United Kingdom,United Kingdom,80,1,1862.0,2,1,4,7,Needs Attention
14888,United Kingdom,United Kingdom,208,1,369.2,1,1,2,4,Hibernating
14889,United Kingdom,United Kingdom,337,1,135.9,1,1,1,3,Hibernating
14890,United Kingdom,United Kingdom,254,1,125.65,1,1,1,3,Hibernating
14891,United Kingdom,United Kingdom,149,2,554.38,1,2,2,5,Hibernating
14893,United Kingdom,United Kingdom,10,2,1237.8500000000001,4,2,3,9,Potential Loyalists
14894,United Kingdom,United Kingdom,86,1,655.75,2,1,2,5,Needs Attention
14895,United Kingdom,United Kingdom,8,20,11138.710000000001,4,4,4,12,Champions
14896,United Kingdom,United Kingdom,205,2,468.77000000000004,1,2,2,5,Hibernating
14897,United Kingdom,United Kingdom,8,4,1366.38,4,3,3,10,Loyal Customers
14898,United Kingdom,United Kingdom,24,6,1269.31,3,4,3,10,Loyal Customers
14901,United Kingdom,United Kingdom,12,9,1421.29,4,4,3,11,Champions
14902,United Kingdom,United Kingdom,26,1,332.66,3,1,2,6,Potential Loyalists
14903,United Kingdom,United Kingdom,22,5,2795.33,3,3,4,10,Loyal Customers
14904,United Kingdom,United Kingdom,3,2,1025.44,4,2,3,9,Potential Loyalists
14905,United Kingdom,United Kingdom,158,2,616.15,1,2,2,5,Hibernating
14907,United Kingdom,United Kingdom,4,7,3501.1,4,4,4,12,Champions
14908,United Kingdom,United Kingdom,75,1,277.8,2,1,1,4,Needs Attention
14910,United Kingdom,United Kingdom,3,4,434.35,4,3,2,9,Loyal Customers
14911,EIRE,International,2,201,143711.17,4,4,4,12,Champions
14912,Italy,International,17,2,867.85,4,2,3,9,Potential Loyalists
14913,United Kingdom,United Kingdom,36,4,1227.43,3,3,3,9,Loyal Customers
14915,United Kingdom,United Kingdom,92,2,307.48,2,2,2,6,Needs Attention
14916,United Kingdom,United Kingdom,71,4,1268.98,2,3,3,8,At Risk
14918,United Kingdom,United Kingdom,116,2,1610.15,2,2,3,7,Needs Attention
14920,United Kingdom,United Kingdom,213,2,977.77,1,2,3,6,Hibernating
14921,United Kingdom,United Kingdom,31,2,1316.07,3,2,3,8,Potential Loyalists
14923,United Kingdom,United Kingdom,51,1,749.1,3,1,3,7,Potential Loyalists
14924,United Kingdom,United Kingdom,246,1,310.05,1,1,2,4,Hibernating
14929,United Kingdom,United Kingdom,33,1,223.88,3,1,1,5,Potential Loyalists
14930,Channel Islands,International,109,3,2362.96,2,3,4,9,At Risk
14931,Channel Islands,International,5,5,1257.68,4,3,3,10,Loyal Customers
14932,Channel Islands,International,366,1,363.53,1,1,2,4,Hibernating
14934,Channel Islands,International,82,2,1890.94,2,2,4,8,Needs Attention
14935,Channel Islands,International,298,1,1784.71,1,1,4,6,Hibernating
14936,Channel Islands,International,34,8,8137.02,3,4,4,11,Loyal Customers
14937,Channel Islands,International,57,3,1621.88,2,3,3,8,At Risk
14944,United Kingdom,United Kingdom,30,12,5900.25,3,4,4,11,Loyal Customers
14946,United Kingdom,United Kingdom,15,1,100.9,4,1,1,6,Potential Loyalists
14947,United Kingdom,United Kingdom,73,2,290.82,2,2,1,5,Needs Attention
14948,United Kingdom,United Kingdom,24,6,1101.97,3,4,3,10,Loyal Customers
14950,United Kingdom,United Kingdom,20,1,371.2,3,1,2,6,Potential Loyalists
14951,United Kingdom,United Kingdom,80,1,311.69,2,1,2,5,Needs Attention
14952,United Kingdom,United Kingdom,60,11,8099.49,2,4,4,10,At Risk
14953,United Kingdom,United Kingdom,26,1,285.67,3,1,1,5,Potential Loyalists
14954,United Kingdom,United Kingdom,13,1,294.85,4,1,1,6,Potential Loyalists
14957,United Kingdom,United Kingdom,254,1,58.49,1,1,1,3,Hibernating
14958,United Kingdom,United Kingdom,148,3,483.72999999999996,1,3,2,6,At Risk
14959,United Kingdom,United Kingdom,65,4,695.42,2,3,3,8,At Risk
14960,United Kingdom,United Kingdom,9,2,221.27,4,2,1,7,Potential Loyalists
14961,United Kingdom,United Kingdom,11,9,7044.68,4,4,4,12,Champions
14962,United Kingdom,United Kingdom,271,1,126.7,1,1,1,3,Hibernating
14963,United Kingdom,United Kingdom,10,5,1472.34,4,3,3,10,Loyal Customers
14964,United Kingdom,United Kingdom,248,1,206.21,1,1,1,3,Hibernating
14965,United Kingdom,United Kingdom,97,2,596.09,2,2,2,6,Needs Attention
14966,United Kingdom,United Kingdom,15,1,183.02,4,1,1,6,Potential Loyalists
14967,United Kingdom,United Kingdom,50,1,463.8,3,1,2,6,Potential Loyalists
14968,United Kingdom,United Kingdom,31,1,147.59,3,1,1,5,Potential Loyalists
14970,United Kingdom,United Kingdom,69,4,1592.06,2,3,3,8,At Risk
14971,United Kingdom,United Kingdom,36,3,1097.98,3,3,3,9,Loyal Customers
14972,United Kingdom,United Kingdom,129,1,114.77,2,1,1,4,Needs Attention
14973,United Kingdom,United Kingdom,108,3,1314.45,2,3,3,8,At Risk
14974,United Kingdom,United Kingdom,38,1,89.94,3,1,1,5,Potential Loyalists
14975,United Kingdom,United Kingdom,58,1,279.94,2,1,1,4,Needs Attention
14976,United Kingdom,United Kingdom,58,7,790.86,2,4,3,9,At Risk
14978,United Kingdom,United Kingdom,73,5,1921.3700000000001,2,3,4,9,At Risk
14981,United Kingdom,United Kingdom,247,1,102.12,1,1,1,3,Hibernating
14984,United Kingdom,United Kingdom,20,2,202.37,3,2,1,6,Potential Loyalists
14985,United Kingdom,United Kingdom,199,2,292.01,1,2,1,4,Hibernating
14987,United Kingdom,United Kingdom,16,2,326.4,4,2,2,8,Potential Loyalists
14988,United Kingdom,United Kingdom,212,1,334.54,1,1,2,4,Hibernating
14995,United Kingdom,United Kingdom,39,2,231.98000000000002,3,2,1,6,Potential Loyalists
14997,United Kingdom,United Kingdom,47,3,546.1999999999999,3,3,2,8,Loyal Customers
14998,United Kingdom,United Kingdom,171,2,414.87,1,2,2,5,Hibernating
15000,United Kingdom,United Kingdom,48,1,490.52,3,1,2,6,Potential Loyalists
15002,United Kingdom,United Kingdom,116,4,1641.76,2,3,3,8,At Risk
15004,United Kingdom,United Kingdom,148,1,1220.77,1,1,3,5,Hibernating
15005,United Kingdom,United Kingdom,16,28,6295.37,4,4,4,12,Champions
15006,United Kingdom,United Kingdom,52,1,480.38,2,1,2,5,Needs Attention
15007,United Kingdom,United Kingdom,160,1,156.91,1,1,1,3,Hibernating
15009,United Kingdom,United Kingdom,13,3,1259.43,4,3,3,10,Loyal Customers
15010,United Kingdom,United Kingdom,36,1,308.94,3,1,2,6,Potential Loyalists
15012,United Kingdom,United Kingdom,54,2,405.04,2,2,2,6,Needs Attention
15014,United Kingdom,United Kingdom,44,2,257.67,3,2,1,6,Potential Loyalists
15016,United Kingdom,United Kingdom,173,1,170.04,1,1,1,3,Hibernating
15017,United Kingdom,United Kingdom,34,1,125.58,3,1,1,5,Potential Loyalists
15018,United Kingdom,United Kingdom,39,3,496.21000000000004,3,3,2,8,Loyal Customers
15019,United Kingdom,United Kingdom,267,1,252.81,1,1,1,3,Hibernating
15021,United Kingdom,United Kingdom,9,9,1871.77,4,4,4,12,Champions
15022,United Kingdom,United Kingdom,12,4,852.39,4,3,3,10,Loyal Customers
15023,United Kingdom,United Kingdom,4,11,6720.41,4,4,4,12,Champions
15024,United Kingdom,United Kingdom,10,10,1636.43,4,4,3,11,Champions
15025,United Kingdom,United Kingdom,34,1,361.96,3,1,2,6,Potential Loyalists
15026,United Kingdom,United Kingdom,81,3,469.0,2,3,2,7,At Risk
15027,United Kingdom,United Kingdom,31,4,1066.1499999999999,3,3,3,9,Loyal Customers
15028,United Kingdom,United Kingdom,9,4,627.13,4,3,2,9,Loyal Customers
15030,United Kingdom,United Kingdom,72,2,518.28,2,2,2,6,Needs Attention
15031,United Kingdom,United Kingdom,5,4,653.19,4,3,2,9,Loyal Customers
15032,United Kingdom,United Kingdom,257,3,4959.1,1,3,4,8,At Risk
15033,United Kingdom,United Kingdom,5,10,2557.18,4,4,4,12,Champions
15034,United Kingdom,United Kingdom,16,8,4274.16,4,4,4,12,Champions
15035,United Kingdom,United Kingdom,90,1,252.73000000000002,2,1,1,4,Needs Attention
15036,United Kingdom,United Kingdom,73,3,429.56,2,3,2,7,At Risk
15038,United Kingdom,United Kingdom,59,6,685.74,2,4,3,9,At Risk
15039,United Kingdom,United Kingdom,10,47,19766.59,4,4,4,12,Champions
15041,United Kingdom,United Kingdom,171,1,179.93,1,1,1,3,Hibernating
15042,United Kingdom,United Kingdom,200,1,135.93,1,1,1,3,Hibernating
15043,United Kingdom,United Kingdom,32,1,537.0,3,1,2,6,Potential Loyalists
15044,United Kingdom,United Kingdom,20,17,7634.7300000000005,3,4,4,11,Loyal Customers
15045,United Kingdom,United Kingdom,152,2,735.66,1,2,3,6,Hibernating
15046,United Kingdom,United Kingdom,10,15,5090.42,4,4,4,12,Champions
15047,United Kingdom,United Kingdom,270,1,343.62,1,1,2,4,Hibernating
15048,United Kingdom,United Kingdom,66,4,381.0,2,3,2,7,At Risk
15049,United Kingdom,United Kingdom,274,1,121.17000000000002,1,1,1,3,Hibernating
15050,United Kingdom,United Kingdom,26,3,1737.69,3,3,4,10,Loyal Customers
15051,United Kingdom,United Kingdom,24,3,1383.3600000000001,3,3,3,9,Loyal Customers
15052,United Kingdom,United Kingdom,320,1,207.73000000000002,1,1,1,3,Hibernating
15053,United Kingdom,United Kingdom,5,3,693.95,4,3,3,10,Loyal Customers
15054,United Kingdom,United Kingdom,13,2,302.1,4,2,1,7,Potential Loyalists
15057,United Kingdom,United Kingdom,276,2,1489.5,1,2,3,6,Hibernating
15058,United Kingdom,United Kingdom,26,11,2102.54,3,4,4,11,Loyal Customers
15059,United Kingdom,United Kingdom,41,9,1337.72,3,4,3,10,Loyal Customers
15060,United Kingdom,United Kingdom,9,4,294.25,4,3,1,8,Loyal Customers
15061,United Kingdom,United Kingdom,4,48,54534.14,4,4,4,12,Champions
15062,United Kingdom,United Kingdom,72,4,987.86,2,3,3,8,At Risk
15063,United Kingdom,United Kingdom,214,1,370.79999999999995,1,1,2,4,Hibernating
15065,United Kingdom,United Kingdom,38,4,3158.13,3,3,4,10,Loyal Customers
15066,United Kingdom,United Kingdom,54,1,893.59,2,1,3,6,Needs Attention
15067,United Kingdom,United Kingdom,79,3,1744.76,2,3,4,9,At Risk
15068,United Kingdom,United Kingdom,47,2,553.36,3,2,2,7,Potential Loyalists
15069,United Kingdom,United Kingdom,180,1,1109.53,1,1,3,5,Hibernating
15070,United Kingdom,United Kingdom,373,1,106.2,1,1,1,3,Hibernating
15071,United Kingdom,United Kingdom,94,2,982.07,2,2,3,7,Needs Attention
15073,United Kingdom,United Kingdom,10,3,1043.41,4,3,3,10,Loyal Customers
15074,United Kingdom,United Kingdom,106,1,735.67,2,1,3,6,Needs Attention
15075,United Kingdom,United Kingdom,78,1,773.03,2,1,3,6,Needs Attention
15076,United Kingdom,United Kingdom,173,1,880.85,1,1,3,5,Hibernating
15078,United Kingdom,United Kingdom,8,32,9743.11,4,4,4,12,Champions
15079,United Kingdom,United Kingdom,213,4,895.61,1,3,3,7,At Risk
15081,United Kingdom,United Kingdom,23,5,504.8,3,3,2,8,Loyal Customers
15083,United Kingdom,United Kingdom,257,1,88.2,1,1,1,3,Hibernating
15087,United Kingdom,United Kingdom,282,1,306.94,1,1,2,4,Hibernating
15088,United Kingdom,United Kingdom,22,2,1160.07,3,2,3,8,Potential Loyalists
15089,United Kingdom,United Kingdom,11,6,2420.84,4,4,4,12,Champions
15090,United Kingdom,United Kingdom,309,1,381.32,1,1,2,4,Hibernating
15091,United Kingdom,United Kingdom,68,1,480.71,2,1,2,5,Needs Attention
15092,United Kingdom,United Kingdom,216,2,457.81,1,2,2,5,Hibernating
15093,United Kingdom,United Kingdom,19,6,4597.02,3,4,4,11,Loyal Customers
15095,United Kingdom,United Kingdom,104,4,1370.6,2,3,3,8,At Risk
15096,United Kingdom,United Kingdom,43,1,219.39000000000001,3,1,1,5,Potential Loyalists
15097,United Kingdom,United Kingdom,5,1,248.08,4,1,1,6,Potential Loyalists
15098,United Kingdom,United Kingdom,183,3,39916.5,1,3,4,8,At Risk
15099,United Kingdom,United Kingdom,85,1,410.48,2,1,2,5,Needs Attention
15100,United Kingdom,United Kingdom,334,3,876.0,1,3,3,7,At Risk
15101,United Kingdom,United Kingdom,9,2,317.53,4,2,2,8,Potential Loyalists
15103,United Kingdom,United Kingdom,32,2,703.36,3,2,3,8,Potential Loyalists
15104,United Kingdom,United Kingdom,197,2,993.54,1,2,3,6,Hibernating
15105,United Kingdom,United Kingdom,19,7,2298.93,3,4,4,11,Loyal Customers
15106,United Kingdom,United Kingdom,18,5,1422.52,4,3,3,10,Loyal Customers
15107,United Kingdom,United Kingdom,312,6,319.5,1,4,2,7,At Risk
15108,European Community,International,142,4,1300.25,2,3,3,8,At Risk
15109,United Kingdom,United Kingdom,246,1,484.95,1,1,2,4,Hibernating
15110,United Kingdom,United Kingdom,24,4,996.1,3,3,3,9,Loyal Customers
15111,United Kingdom,United Kingdom,30,3,1567.48,3,3,3,9,Loyal Customers
15113,United Kingdom,United Kingdom,10,3,3509.43,4,3,4,11,Loyal Customers
15114,United Kingdom,United Kingdom,31,10,2760.56,3,4,4,11,Loyal Customers
15115,United Kingdom,United Kingdom,19,1,340.11,3,1,2,6,Potential Loyalists
15116,United Kingdom,United Kingdom,18,4,1352.75,4,3,3,10,Loyal Customers
15117,United Kingdom,United Kingdom,15,5,1551.78,4,3,3,10,Loyal Customers
15118,United Kingdom,United Kingdom,135,1,244.8,2,1,1,4,Needs Attention
15119,United Kingdom,United Kingdom,246,1,266.4,1,1,1,3,Hibernating
15120,United Kingdom,United Kingdom,134,1,358.82,2,1,2,5,Needs Attention
15121,United Kingdom,United Kingdom,51,2,457.72,3,2,2,7,Potential Loyalists
15122,United Kingdom,United Kingdom,115,3,1633.78,2,3,3,8,At Risk
15123,United Kingdom,United Kingdom,8,2,2199.31,4,2,4,10,Potential Loyalists
15124,United Kingdom,United Kingdom,23,2,184.19,3,2,1,6,Potential Loyalists
15125,United Kingdom,United Kingdom,26,15,11528.48,3,4,4,11,Loyal Customers
15127,United Kingdom,United Kingdom,66,1,406.53,2,1,2,5,Needs Attention
15128,United Kingdom,United Kingdom,61,4,1471.0,2,3,3,8,At Risk
15129,United Kingdom,United Kingdom,51,11,3447.4,3,4,4,11,Loyal Customers
15130,United Kingdom,United Kingdom,170,1,330.11,1,1,2,4,Hibernating
15132,United Kingdom,United Kingdom,19,5,977.9300000000001,3,3,3,9,Loyal Customers
15133,United Kingdom,United Kingdom,128,3,982.42,2,3,3,8,At Risk
15134,United Kingdom,United Kingdom,15,8,1387.99,4,4,3,11,Champions
15135,United Kingdom,United Kingdom,240,1,139.05,1,1,1,3,Hibernating
15136,United Kingdom,United Kingdom,3,4,1286.7,4,3,3,10,Loyal Customers
15139,United Kingdom,United Kingdom,240,2,178.96,1,2,1,4,Hibernating
15140,United Kingdom,United Kingdom,53,7,2354.25,2,4,4,10,At Risk
15142,United Kingdom,United Kingdom,47,1,498.74,3,1,2,6,Potential Loyalists
15143,United Kingdom,United Kingdom,226,1,259.45,1,1,1,3,Hibernating
15144,United Kingdom,United Kingdom,9,17,6580.44,4,4,4,12,Champions
15145,United Kingdom,United Kingdom,5,4,1194.73,4,3,3,10,Loyal Customers
15146,United Kingdom,United Kingdom,165,2,1327.16,1,2,3,6,Hibernating
15147,United Kingdom,United Kingdom,241,1,623.5,1,1,2,4,Hibernating
15148,United Kingdom,United Kingdom,11,1,301.29,4,1,1,6,Potential Loyalists
15149,United Kingdom,United Kingdom,134,1,520.8000000000001,2,1,2,5,Needs Attention
15150,United Kingdom,United Kingdom,18,10,5291.33,4,4,4,12,Champions
15152,United Kingdom,United Kingdom,10,13,4745.69,4,4,4,12,Champions
15153,United Kingdom,United Kingdom,32,1,329.25,3,1,2,6,Potential Loyalists
15154,United Kingdom,United Kingdom,76,1,254.28,2,1,1,4,Needs Attention
15156,United Kingdom,United Kingdom,2,3,961.49,4,3,3,10,Loyal Customers
15157,United Kingdom,United Kingdom,4,3,1936.07,4,3,4,11,Loyal Customers
15158,United Kingdom,United Kingdom,46,1,401.40000000000003,3,1,2,6,Potential Loyalists
15159,United Kingdom,United Kingdom,2,30,18641.010000000002,4,4,4,12,Champions
15160,United Kingdom,United Kingdom,358,1,158.16,1,1,1,3,Hibernating
15163,United Kingdom,United Kingdom,19,2,304.47,3,2,1,6,Potential Loyalists
15164,United Kingdom,United Kingdom,69,3,824.58,2,3,3,8,At Risk
15165,United Kingdom,United Kingdom,374,1,487.75,1,1,2,4,Hibernating
15167,United Kingdom,United Kingdom,321,1,158.8,1,1,1,3,Hibernating
15168,United Kingdom,United Kingdom,26,1,106.56,3,1,1,5,Potential Loyalists
15171,United Kingdom,United Kingdom,332,1,1289.5,1,1,3,5,Hibernating
15172,United Kingdom,United Kingdom,9,5,1624.05,4,3,3,10,Loyal Customers
15174,United Kingdom,United Kingdom,323,1,135.75,1,1,1,3,Hibernating
15175,United Kingdom,United Kingdom,72,1,224.14,2,1,1,4,Needs Attention
15178,United Kingdom,United Kingdom,261,1,40.5,1,1,1,3,Hibernating
15179,United Kingdom,United Kingdom,19,5,2206.95,3,3,4,10,Loyal Customers
15180,United Kingdom,United Kingdom,368,1,87.5,1,1,1,3,Hibernating
15181,United Kingdom,United Kingdom,67,3,689.4799999999999,2,3,3,8,At Risk
15182,United Kingdom,United Kingdom,155,2,622.85,1,2,2,5,Hibernating
15184,United Kingdom,United Kingdom,30,2,402.2,3,2,2,7,Potential Loyalists
15185,United Kingdom,United Kingdom,71,1,310.62,2,1,2,5,Needs Attention
15186,United Kingdom,United Kingdom,15,2,411.41,4,2,2,8,Potential Loyalists
15187,United Kingdom,United Kingdom,2,16,4777.18,4,4,4,12,Champions
15189,United Kingdom,United Kingdom,2,41,16225.39,4,4,4,12,Champions
15192,United Kingdom,United Kingdom,120,3,1044.32,2,3,3,8,At Risk
15193,United Kingdom,United Kingdom,61,1,499.32,2,1,2,5,Needs Attention
15194,United Kingdom,United Kingdom,4,15,7616.53,4,4,4,12,Champions
15195,United Kingdom,United Kingdom,3,1,3861.0,4,1,4,9,Potential Loyalists
15197,United Kingdom,United Kingdom,11,3,1079.6100000000001,4,3,3,10,Loyal Customers
15198,United Kingdom,United Kingdom,93,2,193.64,2,2,1,5,Needs Attention
15199,United Kingdom,United Kingdom,60,4,1268.7,2,3,3,8,At Risk
15201,United Kingdom,United Kingdom,88,5,1236.54,2,3,3,8,At Risk
15203,United Kingdom,United Kingdom,26,6,1827.8,3,4,4,11,Loyal Customers
15204,United Kingdom,United Kingdom,358,1,316.58,1,1,2,4,Hibernating
15205,United Kingdom,United Kingdom,86,2,653.24,2,2,2,6,Needs Attention
15206,United Kingdom,United Kingdom,11,4,420.29999999999995,4,3,2,9,Loyal Customers
15208,United Kingdom,United Kingdom,2,5,870.12,4,3,3,10,Loyal Customers
15210,United Kingdom,United Kingdom,226,1,331.18,1,1,2,4,Hibernating
15211,United Kingdom,United Kingdom,61,2,894.4100000000001,2,2,3,7,Needs Attention
15212,United Kingdom,United Kingdom,242,1,101.8,1,1,1,3,Hibernating
15213,United Kingdom,United Kingdom,319,2,328.35,1,2,2,5,Hibernating
15214,United Kingdom,United Kingdom,2,8,1661.44,4,4,4,12,Champions
15215,United Kingdom,United Kingdom,47,3,734.94,3,3,3,9,Loyal Customers
15216,United Kingdom,United Kingdom,88,1,96.6,2,1,1,4,Needs Attention
15218,United Kingdom,United Kingdom,11,11,5756.89,4,4,4,12,Champions
15219,United Kingdom,United Kingdom,177,1,305.75,1,1,1,3,Hibernating
15220,United Kingdom,United Kingdom,52,6,1778.96,2,4,4,10,At Risk
15221,United Kingdom,United Kingdom,367,1,403.25,1,1,2,4,Hibernating
15222,United Kingdom,United Kingdom,319,1,585.0,1,1,2,4,Hibernating
15223,United Kingdom,United Kingdom,226,2,755.75,1,2,3,6,Hibernating
15224,United Kingdom,United Kingdom,359,2,322.08,1,2,2,5,Hibernating
15225,United Kingdom,United Kingdom,235,1,409.40000000000003,1,1,2,4,Hibernating
15226,United Kingdom,United Kingdom,311,1,154.41,1,1,1,3,Hibernating
15227,United Kingdom,United Kingdom,37,5,1219.4,3,3,3,9,Loyal Customers
15228,United Kingdom,United Kingdom,67,4,3386.71,2,3,4,9,At Risk
15230,United Kingdom,United Kingdom,240,2,429.6,1,2,2,5,Hibernating
15232,United Kingdom,United Kingdom,114,2,612.06,2,2,2,6,Needs Attention
15234,United Kingdom,United Kingdom,277,1,197.0,1,1,1,3,Hibernating
15235,United Kingdom,United Kingdom,218,12,2247.51,1,4,4,9,At Risk
15236,United Kingdom,United Kingdom,299,1,321.05,1,1,2,4,Hibernating
15237,United Kingdom,United Kingdom,2,4,1412.32,4,3,3,10,Loyal Customers
15238,United Kingdom,United Kingdom,30,3,1071.99,3,3,3,9,Loyal Customers
15239,United Kingdom,United Kingdom,11,2,780.59,4,2,3,9,Potential Loyalists
15240,United Kingdom,United Kingdom,45,5,1706.57,3,3,4,10,Loyal Customers
15241,United Kingdom,United Kingdom,67,8,1756.44,2,4,4,10,At Risk
15243,United Kingdom,United Kingdom,75,1,316.68,2,1,2,5,Needs Attention
15244,United Kingdom,United Kingdom,66,2,631.57,2,2,2,6,Needs Attention
15245,United Kingdom,United Kingdom,135,3,2515.84,2,3,4,9,At Risk
15246,United Kingdom,United Kingdom,239,2,514.15,1,2,2,5,Hibernating
15247,United Kingdom,United Kingdom,123,1,356.0,2,1,2,5,Needs Attention
15249,United Kingdom,United Kingdom,32,13,6688.46,3,4,4,11,Loyal Customers
15251,United Kingdom,United Kingdom,10,11,10484.99,4,4,4,12,Champions
15252,United Kingdom,United Kingdom,37,2,740.78,3,2,3,8,Potential Loyalists
15253,United Kingdom,United Kingdom,17,5,918.1999999999999,4,3,3,10,Loyal Customers
15254,United Kingdom,United Kingdom,128,1,300.36,2,1,1,4,Needs Attention
15255,United Kingdom,United Kingdom,67,1,890.85,2,1,3,6,Needs Attention
15256,United Kingdom,United Kingdom,149,1,98.45,1,1,1,3,Hibernating
15257,United Kingdom,United Kingdom,284,1,317.15,1,1,2,4,Hibernating
15258,United Kingdom,United Kingdom,169,2,623.16,1,2,2,5,Hibernating
15260,United Kingdom,United Kingdom,101,7,1810.77,2,4,4,10,At Risk
15261,United Kingdom,United Kingdom,136,1,254.82,2,1,1,4,Needs Attention
15262,United Kingdom,United Kingdom,324,1,178.95000000000002,1,1,1,3,Hibernating
15263,United Kingdom,United Kingdom,107,1,156.51,2,1,1,4,Needs Attention
15264,United Kingdom,United Kingdom,65,1,393.74,2,1,2,5,Needs Attention
15265,United Kingdom,United Kingdom,152,2,1506.1200000000001,1,2,3,6,Hibernating
15266,United Kingdom,United Kingdom,339,1,119.3,1,1,1,3,Hibernating
15267,United Kingdom,United Kingdom,23,5,1717.36,3,3,4,10,Loyal Customers
15269,United Kingdom,United Kingdom,24,1,408.8,3,1,2,6,Potential Loyalists
15270,United Kingdom,United Kingdom,16,7,2379.49,4,4,4,12,Champions
15271,United Kingdom,United Kingdom,8,15,2493.34,4,4,4,12,Champions
15272,United Kingdom,United Kingdom,58,2,721.94,2,2,3,7,Needs Attention
15274,United Kingdom,United Kingdom,5,2,716.57,4,2,3,9,Potential Loyalists
15275,United Kingdom,United Kingdom,38,1,615.14,3,1,2,6,Potential Loyalists
15276,United Kingdom,United Kingdom,67,1,128.63,2,1,1,4,Needs Attention
15277,United Kingdom,United Kingdom,47,1,255.89999999999998,3,1,1,5,Potential Loyalists
15279,United Kingdom,United Kingdom,355,1,290.51,1,1,1,3,Hibernating
15280,United Kingdom,United Kingdom,173,1,113.12,1,1,1,3,Hibernating
15281,United Kingdom,United Kingdom,59,9,2332.15,2,4,4,10,At Risk
15286,United Kingdom,United Kingdom,50,1,240.55,3,1,1,5,Potential Loyalists
15287,United Kingdom,United Kingdom,23,2,486.69,3,2,2,7,Potential Loyalists
15288,United Kingdom,United Kingdom,44,5,2306.52,3,3,4,10,Loyal Customers
15289,United Kingdom,United Kingdom,30,3,939.78,3,3,3,9,Loyal Customers
15290,United Kingdom,United Kingdom,5,18,7943.22,4,4,4,12,Champions
15291,United Kingdom,United Kingdom,26,15,4668.3,3,4,4,11,Loyal Customers
15292,United Kingdom,United Kingdom,202,1,178.39,1,1,1,3,Hibernating
15296,United Kingdom,United Kingdom,51,6,3672.86,3,4,4,11,Loyal Customers
15297,United Kingdom,United Kingdom,11,3,641.94,4,3,2,9,Loyal Customers
15298,United Kingdom,United Kingdom,3,12,4799.9,4,4,4,12,Champions
15299,United Kingdom,United Kingdom,68,7,4507.01,2,4,4,10,At Risk
15300,United Kingdom,United Kingdom,65,1,496.44,2,1,2,5,Needs Attention
15301,United Kingdom,United Kingdom,51,12,5049.95,3,4,4,11,Loyal Customers
15303,United Kingdom,United Kingdom,291,1,574.02,1,1,2,4,Hibernating
15304,United Kingdom,United Kingdom,61,8,694.4000000000001,2,4,3,9,At Risk
15306,United Kingdom,United Kingdom,65,3,1174.35,2,3,3,8,At Risk
15307,United Kingdom,United Kingdom,96,1,205.3,2,1,1,4,Needs Attention
15308,United Kingdom,United Kingdom,275,1,310.47,1,1,2,4,Hibernating
15311,United Kingdom,United Kingdom,1,91,60632.75,4,4,4,12,Champions
15312,United Kingdom,United Kingdom,76,4,924.85,2,3,3,8,At Risk
15313,United Kingdom,United Kingdom,111,1,52.0,2,1,1,4,Needs Attention
15314,United Kingdom,United Kingdom,200,1,327.97,1,1,2,4,Hibernating
15315,United Kingdom,United Kingdom,65,2,570.5,2,2,2,6,Needs Attention
15316,United Kingdom,United Kingdom,327,1,165.0,1,1,1,3,Hibernating
15318,United Kingdom,United Kingdom,4,1,312.62,4,1,2,7,Potential Loyalists
15319,United Kingdom,United Kingdom,284,1,204.5,1,1,1,3,Hibernating
15320,United Kingdom,United Kingdom,45,1,267.13,3,1,1,5,Potential Loyalists
15321,United Kingdom,United Kingdom,71,3,2748.31,2,3,4,9,At Risk
15322,United Kingdom,United Kingdom,86,1,679.68,2,1,3,6,Needs Attention
15325,United Kingdom,United Kingdom,104,1,161.74,2,1,1,4,Needs Attention
15326,United Kingdom,United Kingdom,334,1,311.71,1,1,2,4,Hibernating
15327,United Kingdom,United Kingdom,53,1,208.75,2,1,1,4,Needs Attention
15329,United Kingdom,United Kingdom,40,3,1049.7,3,3,3,9,Loyal Customers
15330,United Kingdom,United Kingdom,33,2,714.96,3,2,3,8,Potential Loyalists
15332,Lithuania,International,367,4,1661.06,1,3,4,8,At Risk
15333,United Kingdom,United Kingdom,209,1,1028.56,1,1,3,5,Hibernating
15334,United Kingdom,United Kingdom,157,3,350.82,1,3,2,6,At Risk
15335,United Kingdom,United Kingdom,54,1,170.22,2,1,1,4,Needs Attention
15339,United Kingdom,United Kingdom,67,2,574.07,2,2,2,6,Needs Attention
15341,United Kingdom,United Kingdom,81,1,2020.52,2,1,4,7,Needs Attention
15342,United Kingdom,United Kingdom,130,1,406.09,2,1,2,5,Needs Attention
15343,United Kingdom,United Kingdom,88,1,364.5,2,1,2,5,Needs Attention
15344,United Kingdom,United Kingdom,1,3,563.94,4,3,2,9,Loyal Customers
15345,United Kingdom,United Kingdom,46,1,393.54,3,1,2,6,Potential Loyalists
15346,United Kingdom,United Kingdom,333,1,252.42000000000002,1,1,1,3,Hibernating
15347,United Kingdom,United Kingdom,367,1,201.60000000000002,1,1,1,3,Hibernating
15348,United Kingdom,United Kingdom,73,1,158.04,2,1,1,4,Needs Attention
15349,United Kingdom,United Kingdom,159,2,463.90999999999997,1,2,2,5,Hibernating
15350,United Kingdom,United Kingdom,374,1,115.65,1,1,1,3,Hibernating
15351,United Kingdom,United Kingdom,13,7,1934.66,4,4,4,12,Champions
15353,United Kingdom,United Kingdom,255,2,770.12,1,2,3,6,Hibernating
15355,United Kingdom,United Kingdom,30,2,277.05,3,2,1,6,Potential Loyalists
15356,United Kingdom,United Kingdom,32,10,2718.03,3,4,4,11,Loyal Customers
15358,United Kingdom,United Kingdom,5,22,8347.2,4,4,4,12,Champions
15360,United Kingdom,United Kingdom,40,1,427.93,3,1,2,6,Potential Loyalists
15361,United Kingdom,United Kingdom,362,1,418.92,1,1,2,4,Hibernating
15363,United Kingdom,United Kingdom,373,1,326.0,1,1,2,4,Hibernating
15364,United Kingdom,United Kingdom,96,2,913.19,2,2,3,7,Needs Attention
15365,United Kingdom,United Kingdom,26,7,2314.32,3,4,4,11,Loyal Customers
15366,United Kingdom,United Kingdom,76,2,602.51,2,2,2,6,Needs Attention
15367,United Kingdom,United Kingdom,58,4,1877.59,2,3,4,9,At Risk
15368,United Kingdom,United Kingdom,22,1,446.94000000000005,3,1,2,6,Potential Loyalists
15370,United Kingdom,United Kingdom,41,7,2386.05,3,4,4,11,Loyal Customers
15372,United Kingdom,United Kingdom,138,1,2007.3999999999999,2,1,4,7,Needs Attention
15373,United Kingdom,United Kingdom,9,12,2415.91,4,4,4,12,Champions
15374,United Kingdom,United Kingdom,129,1,168.0,2,1,1,4,Needs Attention
15376,United Kingdom,United Kingdom,41,3,1221.56,3,3,3,9,Loyal Customers
15379,United Kingdom,United Kingdom,170,7,3703.29,1,4,4,9,At Risk
15380,United Kingdom,United Kingdom,9,5,1690.2600000000002,4,3,4,11,Loyal Customers
15381,United Kingdom,United Kingdom,214,2,596.85,1,2,2,5,Hibernating
15382,United Kingdom,United Kingdom,15,6,5955.71,4,4,4,12,Champions
15384,United Kingdom,United Kingdom,170,2,642.41,1,2,2,5,Hibernating
15385,United Kingdom,United Kingdom,41,1,316.88,3,1,2,6,Potential Loyalists
15386,United Kingdom,United Kingdom,187,1,394.14,1,1,2,4,Hibernating
15388,Canada,International,271,1,140.54,1,1,1,3,Hibernating
15389,United Kingdom,United Kingdom,173,1,500.0,1,1,2,4,Hibernating
15392,United Kingdom,United Kingdom,5,4,1535.53,4,3,3,10,Loyal Customers
15393,United Kingdom,United Kingdom,17,2,231.86,4,2,1,7,Potential Loyalists
15394,United Kingdom,United Kingdom,10,4,2183.54,4,3,4,11,Loyal Customers
15395,United Kingdom,United Kingdom,326,1,107.45,1,1,1,3,Hibernating
15396,United Kingdom,United Kingdom,113,1,288.18,2,1,1,4,Needs Attention
15397,United Kingdom,United Kingdom,290,1,94.0,1,1,1,3,Hibernating
15398,United Kingdom,United Kingdom,17,2,1345.53,4,2,3,9,Potential Loyalists
15399,United Kingdom,United Kingdom,2,3,815.77,4,3,3,10,Loyal Customers
15400,United Kingdom,United Kingdom,93,5,716.2,2,3,3,8,At Risk
15402,United Kingdom,United Kingdom,149,2,626.77,1,2,2,5,Hibernating
15405,United Kingdom,United Kingdom,190,1,349.1,1,1,2,4,Hibernating
15406,United Kingdom,United Kingdom,32,2,510.71000000000004,3,2,2,7,Potential Loyalists
15407,United Kingdom,United Kingdom,34,4,1046.74,3,3,3,9,Loyal Customers
15408,United Kingdom,United Kingdom,265,1,267.18,1,1,1,3,Hibernating
15410,United Kingdom,United Kingdom,85,8,3450.84,2,4,4,10,At Risk
15411,United Kingdom,United Kingdom,27,4,1348.93,3,3,3,9,Loyal Customers
15412,United Kingdom,United Kingdom,172,1,190.53,1,1,1,3,Hibernating
15414,United Kingdom,United Kingdom,10,3,774.9000000000001,4,3,3,10,Loyal Customers
15415,United Kingdom,United Kingdom,314,1,559.61,1,1,2,4,Hibernating
15416,United Kingdom,United Kingdom,65,4,3984.32,2,3,4,9,At Risk
15417,United Kingdom,United Kingdom,86,1,508.8,2,1,2,5,Needs Attention
15419,United Kingdom,United Kingdom,25,1,135.86,3,1,1,5,Potential Loyalists
15421,United Kingdom,United Kingdom,59,4,950.36,2,3,3,8,At Risk
15422,United Kingdom,United Kingdom,324,2,97.7,1,2,1,4,Hibernating
15423,United Kingdom,United Kingdom,39,1,43.5,3,1,1,5,Potential Loyalists
15424,United Kingdom,United Kingdom,255,2,383.34,1,2,2,5,Hibernating
15426,United Kingdom,United Kingdom,20,5,1404.07,3,3,3,9,Loyal Customers
15427,United Kingdom,United Kingdom,34,3,1430.54,3,3,3,9,Loyal Customers
15428,United Kingdom,United Kingdom,16,1,93.78,4,1,1,6,Potential Loyalists
15429,United Kingdom,United Kingdom,27,2,397.35,3,2,2,7,Potential Loyalists
15432,United Kingdom,United Kingdom,24,1,171.19,3,1,1,5,Potential Loyalists
15433,United Kingdom,United Kingdom,214,2,533.3,1,2,2,5,Hibernating
15434,United Kingdom,United Kingdom,9,5,1041.48,4,3,3,10,Loyal Customers
15435,United Kingdom,United Kingdom,23,1,149.29,3,1,1,5,Potential Loyalists
15436,United Kingdom,United Kingdom,13,3,1067.75,4,3,3,10,Loyal Customers
15437,United Kingdom,United Kingdom,263,1,200.16,1,1,1,3,Hibernating
15438,United Kingdom,United Kingdom,132,1,156.57999999999998,2,1,1,4,Needs Attention
15440,United Kingdom,United Kingdom,55,3,383.68,2,3,2,7,At Risk
15442,United Kingdom,United Kingdom,249,1,594.0,1,1,2,4,Hibernating
15443,United Kingdom,United Kingdom,2,7,3213.59,4,4,4,12,Champions
15444,United Kingdom,United Kingdom,10,2,1411.21,4,2,3,9,Potential Loyalists
15445,United Kingdom,United Kingdom,265,1,113.5,1,1,1,3,Hibernating
15447,United Kingdom,United Kingdom,331,1,155.17,1,1,1,3,Hibernating
15448,United Kingdom,United Kingdom,313,1,494.64,1,1,2,4,Hibernating
15449,United Kingdom,United Kingdom,27,3,974.52,3,3,3,9,Loyal Customers
15450,United Kingdom,United Kingdom,31,1,429.84,3,1,2,6,Potential Loyalists
15452,United Kingdom,United Kingdom,30,3,528.48,3,3,2,8,Loyal Customers
15453,United Kingdom,United Kingdom,2,7,1371.77,4,4,3,11,Champions
15454,United Kingdom,United Kingdom,363,1,179.1,1,1,1,3,Hibernating
15456,United Kingdom,United Kingdom,284,3,434.59000000000003,1,3,2,6,At Risk
15457,United Kingdom,United Kingdom,263,1,237.07,1,1,1,3,Hibernating
15458,United Kingdom,United Kingdom,26,1,161.64,3,1,1,5,Potential Loyalists
15460,United Kingdom,United Kingdom,355,1,214.26,1,1,1,3,Hibernating
15462,United Kingdom,United Kingdom,95,3,234.6,2,3,1,6,At Risk
15463,United Kingdom,United Kingdom,30,1,126.14,3,1,1,5,Potential Loyalists
15464,United Kingdom,United Kingdom,339,1,1044.65,1,1,3,5,Hibernating
15465,United Kingdom,United Kingdom,20,18,7354.62,3,4,4,11,Loyal Customers
15466,United Kingdom,United Kingdom,86,1,334.53,2,1,2,5,Needs Attention
15467,United Kingdom,United Kingdom,10,3,524.88,4,3,2,9,Loyal Customers
15468,United Kingdom,United Kingdom,52,2,467.51,2,2,2,6,Needs Attention
15469,United Kingdom,United Kingdom,51,2,538.55,3,2,2,7,Potential Loyalists
15471,United Kingdom,United Kingdom,3,1,454.48,4,1,2,7,Potential Loyalists
15472,United Kingdom,United Kingdom,114,1,371.56,2,1,2,5,Needs Attention
15473,United Kingdom,United Kingdom,15,7,1771.2,4,4,4,12,Champions
15475,United Kingdom,United Kingdom,78,1,454.10999999999996,2,1,2,5,Needs Attention
15478,United Kingdom,United Kingdom,41,2,1399.92,3,2,3,8,Potential Loyalists
15480,Malta,International,117,1,905.5,2,1,3,6,Needs Attention
15482,United Kingdom,United Kingdom,16,12,10879.76,4,4,4,12,Champions
15483,United Kingdom,United Kingdom,162,4,225.26,1,3,1,5,At Risk
15484,United Kingdom,United Kingdom,2,4,3590.41,4,3,4,11,Loyal Customers
15485,United Kingdom,United Kingdom,31,3,2564.5,3,3,4,10,Loyal Customers
15488,United Kingdom,United Kingdom,93,1,91.32000000000001,2,1,1,4,Needs Attention
15489,United Kingdom,United Kingdom,23,3,1134.28,3,3,3,9,Loyal Customers
15491,United Kingdom,United Kingdom,96,6,3100.09,2,4,4,10,At Risk
15492,United Kingdom,United Kingdom,29,2,659.4599999999999,3,2,2,7,Potential Loyalists
15493,United Kingdom,United Kingdom,33,5,1953.41,3,3,4,10,Loyal Customers
15494,United Kingdom,United Kingdom,22,2,1280.58,3,2,3,8,Potential Loyalists
15497,United Kingdom,United Kingdom,18,2,1262.2,4,2,3,9,Potential Loyalists
15498,United Kingdom,United Kingdom,3,27,13316.4,4,4,4,12,Champions
15500,United Kingdom,United Kingdom,9,4,1131.56,4,3,3,10,Loyal Customers
15502,United Kingdom,United Kingdom,16,12,10384.93,4,4,4,12,Champions
15503,United Kingdom,United Kingdom,363,1,141.04,1,1,1,3,Hibernating
15504,United Kingdom,United Kingdom,82,1,52.83,2,1,1,4,Needs Attention
15505,United Kingdom,United Kingdom,53,5,3610.96,2,3,4,9,At Risk
15506,United Kingdom,United Kingdom,23,3,972.08,3,3,3,9,Loyal Customers
15507,United Kingdom,United Kingdom,172,1,475.86,1,1,2,4,Hibernating
15508,United Kingdom,United Kingdom,190,6,1000.27,1,4,3,8,At Risk
15510,United Kingdom,United Kingdom,331,1,250.0,1,1,1,3,Hibernating
15511,United Kingdom,United Kingdom,12,5,900.53,4,3,3,10,Loyal Customers
15512,United Kingdom,United Kingdom,156,2,121.0,1,2,1,4,Hibernating
15513,United Kingdom,United Kingdom,34,19,14758.220000000001,3,4,4,11,Loyal Customers
15514,United Kingdom,United Kingdom,13,11,4023.7200000000003,4,4,4,12,Champions
15516,United Kingdom,United Kingdom,45,3,62.43,3,3,1,7,Loyal Customers
15517,United Kingdom,United Kingdom,234,1,267.03,1,1,1,3,Hibernating
15518,United Kingdom,United Kingdom,65,8,1921.55,2,4,4,10,At Risk
15520,United Kingdom,United Kingdom,2,1,343.5,4,1,2,7,Potential Loyalists
15521,United Kingdom,United Kingdom,41,8,3000.2,3,4,4,11,Loyal Customers
15522,United Kingdom,United Kingdom,33,2,397.99,3,2,2,7,Potential Loyalists
15523,United Kingdom,United Kingdom,85,1,412.01000000000005,2,1,2,5,Needs Attention
15524,United Kingdom,United Kingdom,25,1,440.0,3,1,2,6,Potential Loyalists
15525,United Kingdom,United Kingdom,3,3,734.37,4,3,3,10,Loyal Customers
15526,United Kingdom,United Kingdom,34,2,148.44,3,2,1,6,Potential Loyalists
15527,United Kingdom,United Kingdom,19,8,2428.53,3,4,4,11,Loyal Customers
15528,United Kingdom,United Kingdom,255,1,229.33,1,1,1,3,Hibernating
15529,United Kingdom,United Kingdom,23,11,3962.6,3,4,4,11,Loyal Customers
15530,United Kingdom,United Kingdom,22,4,1497.31,3,3,3,9,Loyal Customers
15531,United Kingdom,United Kingdom,9,2,1972.39,4,2,4,10,Potential Loyalists
15532,United Kingdom,United Kingdom,26,4,1564.73,3,3,3,9,Loyal Customers
15533,United Kingdom,United Kingdom,20,3,807.57,3,3,3,9,Loyal Customers
15535,United Kingdom,United Kingdom,174,4,502.9,1,3,2,6,At Risk
15537,United Kingdom,United Kingdom,164,1,110.92,1,1,1,3,Hibernating
15539,United Kingdom,United Kingdom,8,1,538.46,4,1,2,7,Potential Loyalists
15540,United Kingdom,United Kingdom,12,1,213.3,4,1,1,6,Potential Loyalists
15541,United Kingdom,United Kingdom,115,1,85.13000000000001,2,1,1,4,Needs Attention
15543,United Kingdom,United Kingdom,289,1,127.86,1,1,1,3,Hibernating
15544,United Kingdom,United Kingdom,10,9,3546.71,4,4,4,12,Champions
15545,United Kingdom,United Kingdom,55,2,288.96999999999997,2,2,1,5,Needs Attention
15547,United Kingdom,United Kingdom,8,14,4910.6,4,4,4,12,Champions
15549,United Kingdom,United Kingdom,78,3,1681.46,2,3,4,9,At Risk
15550,United Kingdom,United Kingdom,5,4,575.63,4,3,2,9,Loyal Customers
15551,United Kingdom,United Kingdom,37,1,436.06,3,1,2,6,Potential Loyalists
15552,United Kingdom,United Kingdom,218,1,90.12,1,1,1,3,Hibernating
15553,United Kingdom,United Kingdom,61,1,428.93,2,1,2,5,Needs Attention
15554,United Kingdom,United Kingdom,278,1,217.2,1,1,1,3,Hibernating
15555,United Kingdom,United Kingdom,13,16,4794.86,4,4,4,12,Champions
15556,United Kingdom,United Kingdom,25,1,279.77,3,1,1,5,Potential Loyalists
15557,United Kingdom,United Kingdom,29,1,468.91,3,1,2,6,Potential Loyalists
15561,United Kingdom,United Kingdom,12,4,800.59,4,3,3,10,Loyal Customers
15562,United Kingdom,United Kingdom,352,1,134.55,1,1,1,3,Hibernating
15563,United Kingdom,United Kingdom,23,4,1400.44,3,3,3,9,Loyal Customers
15565,United Kingdom,United Kingdom,51,2,173.16,3,2,1,6,Potential Loyalists
15567,United Kingdom,United Kingdom,19,1,186.01,3,1,1,5,Potential Loyalists
15568,United Kingdom,United Kingdom,3,3,758.29,4,3,3,10,Loyal Customers
15569,United Kingdom,United Kingdom,104,5,1375.71,2,3,3,8,At Risk
15570,United Kingdom,United Kingdom,8,12,4148.82,4,4,4,12,Champions
15571,United Kingdom,United Kingdom,12,4,650.4300000000001,4,3,2,9,Loyal Customers
15572,United Kingdom,United Kingdom,5,7,2533.42,4,4,4,12,Champions
15573,United Kingdom,United Kingdom,32,2,591.1899999999999,3,2,2,7,Potential Loyalists
15574,United Kingdom,United Kingdom,178,4,675.64,1,3,3,7,At Risk
15576,United Kingdom,United Kingdom,38,1,921.37,3,1,3,7,Potential Loyalists
15577,United Kingdom,United Kingdom,152,3,258.88,1,3,1,5,At Risk
15578,United Kingdom,United Kingdom,163,1,127.1,1,1,1,3,Hibernating
15579,United Kingdom,United Kingdom,69,2,327.6,2,2,2,6,Needs Attention
15581,United Kingdom,United Kingdom,121,13,3675.77,2,4,4,10,At Risk
15582,United Kingdom,United Kingdom,25,3,682.9100000000001,3,3,3,9,Loyal Customers
15584,United Kingdom,United Kingdom,24,4,720.86,3,3,3,9,Loyal Customers
15585,United Kingdom,United Kingdom,177,1,455.3,1,1,2,4,Hibernating
15587,United Kingdom,United Kingdom,51,4,913.6800000000001,3,3,3,9,Loyal Customers
15589,United Kingdom,United Kingdom,256,3,478.53000000000003,1,3,2,6,At Risk
15592,United Kingdom,United Kingdom,47,1,388.58,3,1,2,6,Potential Loyalists
15593,United Kingdom,United Kingdom,71,1,199.8,2,1,1,4,Needs Attention
15594,United Kingdom,United Kingdom,16,5,1771.78,4,3,4,11,Loyal Customers
15596,United Kingdom,United Kingdom,101,5,1406.59,2,3,3,8,At Risk
15597,United Kingdom,United Kingdom,36,1,324.57,3,1,2,6,Potential Loyalists
15598,United Kingdom,United Kingdom,54,1,240.68,2,1,1,4,Needs Attention
15599,United Kingdom,United Kingdom,27,2,761.74,3,2,3,8,Potential Loyalists
15601,United Kingdom,United Kingdom,12,14,6776.56,4,4,4,12,Champions
15602,United Kingdom,United Kingdom,9,9,1297.8700000000001,4,4,3,11,Champions
15603,United Kingdom,United Kingdom,79,1,48.480000000000004,2,1,1,4,Needs Attention
15604,United Kingdom,United Kingdom,53,1,216.39,2,1,1,4,Needs Attention
15605,United Kingdom,United Kingdom,37,5,1198.23,3,3,3,9,Loyal Customers
15606,United Kingdom,United Kingdom,62,9,2920.16,2,4,4,10,At Risk
15607,United Kingdom,United Kingdom,337,1,104.76,1,1,1,3,Hibernating
15608,United Kingdom,United Kingdom,29,4,1093.68,3,3,3,9,Loyal Customers
15609,United Kingdom,United Kingdom,185,1,298.48,1,1,1,3,Hibernating
15610,United Kingdom,United Kingdom,52,1,112.46000000000001,2,1,1,4,Needs Attention
15611,United Kingdom,United Kingdom,10,13,1591.45,4,4,3,11,Champions
15612,United Kingdom,United Kingdom,37,2,195.15,3,2,1,6,Potential Loyalists
15615,United Kingdom,United Kingdom,11,23,10399.74,4,4,4,12,Champions
15618,United Kingdom,United Kingdom,33,4,776.851,3,3,3,9,Loyal Customers
15619,United Kingdom,United Kingdom,11,1,336.40000000000003,4,1,2,7,Potential Loyalists
15620,United Kingdom,United Kingdom,57,3,1553.18,2,3,3,8,At Risk
15621,United Kingdom,United Kingdom,5,4,1293.03,4,3,3,10,Loyal Customers
15622,United Kingdom,United Kingdom,44,9,3709.56,3,4,4,11,Loyal Customers
15623,United Kingdom,United Kingdom,142,1,301.03,2,1,1,4,Needs Attention
15624,United Kingdom,United Kingdom,117,4,588.13,2,3,2,7,At Risk
15625,United Kingdom,United Kingdom,104,4,1534.26,2,3,3,8,At Risk
15626,United Kingdom,United Kingdom,75,2,675.8,2,2,3,7,Needs Attention
15628,United Kingdom,United Kingdom,5,9,2870.2400000000002,4,4,4,12,Champions
15630,United Kingdom,United Kingdom,46,2,1186.35,3,2,3,8,Potential Loyalists
15632,United Kingdom,United Kingdom,16,8,3285.31,4,4,4,12,Champions
15634,United Kingdom,United Kingdom,18,1,243.55,4,1,1,6,Potential Loyalists
15636,United Kingdom,United Kingdom,90,2,724.76,2,2,3,7,Needs Attention
15637,United Kingdom,United Kingdom,53,1,223.36,2,1,1,4,Needs Attention
15639,United Kingdom,United Kingdom,135,1,425.32,2,1,2,5,Needs Attention
15640,United Kingdom,United Kingdom,5,15,12416.11,4,4,4,12,Champions
15641,United Kingdom,United Kingdom,106,4,1887.2,2,3,4,9,At Risk
15643,United Kingdom,United Kingdom,192,3,664.0,1,3,2,6,At Risk
15644,United Kingdom,United Kingdom,167,4,803.54,1,3,3,7,At Risk
15645,United Kingdom,United Kingdom,19,1,612.01,3,1,2,6,Potential Loyalists
15646,United Kingdom,United Kingdom,158,3,447.64000000000004,1,3,2,6,At Risk
15648,United Kingdom,United Kingdom,205,2,639.5,1,2,2,5,Hibernating
15649,United Kingdom,United Kingdom,337,2,816.0,1,2,3,6,Hibernating
15651,United Kingdom,United Kingdom,37,3,646.3,3,3,2,8,Loyal Customers
15652,United Kingdom,United Kingdom,92,1,337.74,2,1,2,5,Needs Attention
15653,United Kingdom,United Kingdom,93,2,877.4399999999999,2,2,3,7,Needs Attention
15654,United Kingdom,United Kingdom,10,2,922.53,4,2,3,9,Potential Loyalists
15655,United Kingdom,United Kingdom,244,1,560.67,1,1,2,4,Hibernating
15656,United Kingdom,United Kingdom,46,4,748.5,3,3,3,9,Loyal Customers
15657,United Kingdom,United Kingdom,23,1,30.0,3,1,1,5,Potential Loyalists
15658,United Kingdom,United Kingdom,191,5,1024.1000000000001,1,3,3,7,At Risk
15659,United Kingdom,United Kingdom,44,1,306.45,3,1,1,5,Potential Loyalists
15660,United Kingdom,United Kingdom,26,9,1600.86,3,4,3,10,Loyal Customers
15661,United Kingdom,United Kingdom,318,2,309.8,1,2,2,5,Hibernating
15663,United Kingdom,United Kingdom,107,1,138.14,2,1,1,4,Needs Attention
15664,United Kingdom,United Kingdom,51,1,386.43,3,1,2,6,Potential Loyalists
15665,United Kingdom,United Kingdom,169,2,2222.21,1,2,4,7,Hibernating
15667,United Kingdom,United Kingdom,40,1,301.32,3,1,1,5,Potential Loyalists
15668,United Kingdom,United Kingdom,218,1,76.32000000000001,1,1,1,3,Hibernating
15669,United Kingdom,United Kingdom,41,4,684.34,3,3,3,9,Loyal Customers
15670,United Kingdom,United Kingdom,297,1,173.05,1,1,1,3,Hibernating
15671,United Kingdom,United Kingdom,19,7,2657.13,3,4,4,11,Loyal Customers
15673,United Kingdom,United Kingdom,89,4,2726.23,2,3,4,9,At Risk
15674,United Kingdom,United Kingdom,74,5,2446.6,2,3,4,9,At Risk
15675,United Kingdom,United Kingdom,82,3,323.69,2,3,2,7,At Risk
15676,United Kingdom,United Kingdom,19,3,3435.76,3,3,4,10,Loyal Customers
15677,United Kingdom,United Kingdom,50,1,657.23,3,1,2,6,Potential Loyalists
15678,United Kingdom,United Kingdom,53,1,352.7,2,1,2,5,Needs Attention
15679,United Kingdom,United Kingdom,25,4,781.28,3,3,3,9,Loyal Customers
15680,United Kingdom,United Kingdom,10,3,1333.68,4,3,3,10,Loyal Customers
15681,United Kingdom,United Kingdom,26,5,1426.16,3,3,3,9,Loyal Customers
15683,United Kingdom,United Kingdom,118,1,193.75,2,1,1,4,Needs Attention
15687,United Kingdom,United Kingdom,9,9,2993.1,4,4,4,12,Champions
15689,United Kingdom,United Kingdom,120,2,254.1,2,2,1,5,Needs Attention
15690,United Kingdom,United Kingdom,5,2,239.76,4,2,1,7,Potential Loyalists
15691,United Kingdom,United Kingdom,253,1,136.8,1,1,1,3,Hibernating
15692,United Kingdom,United Kingdom,29,1,191.04,3,1,1,5,Potential Loyalists
15694,United Kingdom,United Kingdom,1,14,6479.4,4,4,4,12,Champions
15695,United Kingdom,United Kingdom,267,2,409.98,1,2,2,5,Hibernating
15696,United Kingdom,United Kingdom,34,8,2711.11,3,4,4,11,Loyal Customers
15699,United Kingdom,United Kingdom,18,1,309.65,4,1,2,7,Potential Loyalists
15700,United Kingdom,United Kingdom,173,2,696.68,1,2,3,6,Hibernating
15701,United Kingdom,United Kingdom,3,4,1529.0,4,3,3,10,Loyal Customers
15703,United Kingdom,United Kingdom,265,1,211.5,1,1,1,3,Hibernating
15704,United Kingdom,United Kingdom,141,4,2293.62,2,3,4,9,At Risk
15705,United Kingdom,United Kingdom,202,1,143.1,1,1,1,3,Hibernating
15706,United Kingdom,United Kingdom,64,4,1060.56,2,3,3,8,At Risk
15707,United Kingdom,United Kingdom,36,4,916.98,3,3,3,9,Loyal Customers
15708,United Kingdom,United Kingdom,41,7,3235.25,3,4,4,11,Loyal Customers
15709,United Kingdom,United Kingdom,284,1,133.25,1,1,1,3,Hibernating
15712,United Kingdom,United Kingdom,10,5,1072.3600000000001,4,3,3,10,Loyal Customers
15713,United Kingdom,United Kingdom,144,2,356.7,1,2,2,5,Hibernating
15714,United Kingdom,United Kingdom,12,2,330.03000000000003,4,2,2,8,Potential Loyalists
15716,United Kingdom,United Kingdom,146,4,1101.1100000000001,1,3,3,7,At Risk
15717,United Kingdom,United Kingdom,235,1,150.3,1,1,1,3,Hibernating
15719,United Kingdom,United Kingdom,33,13,5030.07,3,4,4,11,Loyal Customers
15720,United Kingdom,United Kingdom,25,1,598.73,3,1,2,6,Potential Loyalists
15721,United Kingdom,United Kingdom,12,1,471.40000000000003,4,1,2,7,Potential Loyalists
15722,United Kingdom,United Kingdom,36,5,2211.21,3,3,4,10,Loyal Customers
15723,United Kingdom,United Kingdom,365,1,190.7,1,1,1,3,Hibernating
15724,United Kingdom,United Kingdom,202,2,218.25,1,2,1,4,Hibernating
15725,United Kingdom,United Kingdom,16,1,415.25,4,1,2,7,Potential Loyalists
15727,United Kingdom,United Kingdom,17,7,5159.06,4,4,4,12,Champions
15729,United Kingdom,United Kingdom,213,1,85.0,1,1,1,3,Hibernating
15730,United Kingdom,United Kingdom,66,3,1120.88,2,3,3,8,At Risk
15732,United Kingdom,United Kingdom,213,2,294.12,1,2,1,4,Hibernating
15733,United Kingdom,United Kingdom,283,1,162.3,1,1,1,3,Hibernating
15734,United Kingdom,United Kingdom,115,2,1339.45,2,2,3,7,Needs Attention
15737,United Kingdom,United Kingdom,15,8,1188.1200000000001,4,4,3,11,Champions
15738,United Kingdom,United Kingdom,19,16,4812.42,3,4,4,11,Loyal Customers
15739,United Kingdom,United Kingdom,67,1,449.12,2,1,2,5,Needs Attention
15740,United Kingdom,United Kingdom,50,1,154.88,3,1,1,5,Potential Loyalists
15743,United Kingdom,United Kingdom,17,4,775.96,4,3,3,10,Loyal Customers
15744,United Kingdom,United Kingdom,78,1,34.8,2,1,1,4,Needs Attention
15745,United Kingdom,United Kingdom,20,4,1094.59,3,3,3,9,Loyal Customers
15746,United Kingdom,United Kingdom,135,1,196.88,2,1,1,4,Needs Attention
15747,United Kingdom,United Kingdom,13,3,946.64,4,3,3,10,Loyal Customers
15748,United Kingdom,United Kingdom,41,1,144.36,3,1,1,5,Potential Loyalists
15749,United Kingdom,United Kingdom,236,3,44534.3,1,3,4,8,At Risk
15750,United Kingdom,United Kingdom,3,8,2463.05,4,4,4,12,Champions
15752,United Kingdom,United Kingdom,40,7,2626.6,3,4,4,11,Loyal Customers
15753,United Kingdom,United Kingdom,305,1,79.2,1,1,1,3,Hibernating
15754,United Kingdom,United Kingdom,52,3,458.57,2,3,2,7,At Risk
15755,United Kingdom,United Kingdom,11,6,2364.25,4,4,4,12,Champions
15756,United Kingdom,United Kingdom,62,4,528.01,2,3,2,7,At Risk
15757,United Kingdom,United Kingdom,66,2,714.42,2,2,3,7,Needs Attention
15758,United Kingdom,United Kingdom,25,1,205.25,3,1,1,5,Potential Loyalists
15759,United Kingdom,United Kingdom,219,3,253.04,1,3,1,5,At Risk
15762,United Kingdom,United Kingdom,66,2,583.75,2,2,2,6,Needs Attention
15763,United Kingdom,United Kingdom,32,2,1086.92,3,2,3,8,Potential Loyalists
15764,United Kingdom,United Kingdom,89,6,3279.97,2,4,4,10,At Risk
15766,United Kingdom,United Kingdom,65,1,315.06,2,1,2,5,Needs Attention
15768,United Kingdom,United Kingdom,116,3,621.8299999999999,2,3,2,7,At Risk
15769,United Kingdom,United Kingdom,8,26,56252.72,4,4,4,12,Champions
15773,United Kingdom,United Kingdom,6,1,635.6800000000001,4,1,2,7,Potential Loyalists
15774,United Kingdom,United Kingdom,69,1,270.8,2,1,1,4,Needs Attention
15775,United Kingdom,United Kingdom,246,1,104.9,1,1,1,3,Hibernating
15776,United Kingdom,United Kingdom,134,1,241.62,2,1,1,4,Needs Attention
15777,United Kingdom,United Kingdom,242,4,1047.11,1,3,3,7,At Risk
15780,United Kingdom,United Kingdom,184,3,475.28000000000003,1,3,2,6,At Risk
15781,United Kingdom,United Kingdom,26,3,345.46,3,3,2,8,Loyal Customers
15782,United Kingdom,United Kingdom,10,3,2614.7400000000002,4,3,4,11,Loyal Customers
15783,United Kingdom,United Kingdom,11,1,246.3,4,1,1,6,Potential Loyalists
15785,United Kingdom,United Kingdom,33,5,2328.9700000000003,3,3,4,10,Loyal Customers
15786,United Kingdom,United Kingdom,47,3,4919.0,3,3,4,10,Loyal Customers
15787,United Kingdom,United Kingdom,27,3,933.26,3,3,3,9,Loyal Customers
15789,United Kingdom,United Kingdom,359,1,351.3,1,1,2,4,Hibernating
15790,United Kingdom,United Kingdom,11,1,218.75,4,1,1,6,Potential Loyalists
15791,United Kingdom,United Kingdom,44,2,1612.69,3,2,3,8,Potential Loyalists
15793,United Kingdom,United Kingdom,15,3,965.61,4,3,3,10,Loyal Customers
15795,United Kingdom,United Kingdom,150,1,610.01,1,1,2,4,Hibernating
15796,United Kingdom,United Kingdom,2,8,2708.61,4,4,4,12,Champions
15797,United Kingdom,United Kingdom,114,4,2207.4,2,3,4,9,At Risk
15799,United Kingdom,United Kingdom,76,3,884.14,2,3,3,8,At Risk
15800,United Kingdom,United Kingdom,108,2,696.89,2,2,3,7,Needs Attention
15801,United Kingdom,United Kingdom,47,3,1063.95,3,3,3,9,Loyal Customers
15802,United Kingdom,United Kingdom,143,1,451.42,1,1,2,4,Hibernating
15803,United Kingdom,United Kingdom,52,1,415.82000000000005,2,1,2,5,Needs Attention
15804,United Kingdom,United Kingdom,1,13,4206.39,4,4,4,12,Champions
15805,United Kingdom,United Kingdom,24,17,5488.18,3,4,4,11,Loyal Customers
15806,United Kingdom,United Kingdom,47,3,784.58,3,3,3,9,Loyal Customers
15807,United Kingdom,United Kingdom,51,3,903.9,3,3,3,9,Loyal Customers
15808,United Kingdom,United Kingdom,307,4,3651.27,1,3,4,8,At Risk
15809,United Kingdom,United Kingdom,37,5,515.77,3,3,2,8,Loyal Customers
15810,United Kingdom,United Kingdom,79,4,1391.98,2,3,3,8,At Risk
15811,United Kingdom,United Kingdom,23,6,2218.62,3,4,4,11,Loyal Customers
15812,United Kingdom,United Kingdom,108,5,1801.14,2,3,4,9,At Risk
15813,United Kingdom,United Kingdom,208,2,1303.9099999999999,1,2,3,6,Hibernating
15814,United Kingdom,United Kingdom,17,4,1945.33,4,3,4,11,Loyal Customers
15815,United Kingdom,United Kingdom,64,5,2100.6,2,3,4,9,At Risk
15819,United Kingdom,United Kingdom,50,4,1905.45,3,3,4,10,Loyal Customers
15820,United Kingdom,United Kingdom,320,1,206.98,1,1,1,3,Hibernating
15821,United Kingdom,United Kingdom,45,2,570.96,3,2,2,7,Potential Loyalists
15822,United Kingdom,United Kingdom,4,2,885.47,4,2,3,9,Potential Loyalists
15823,United Kingdom,United Kingdom,373,1,15.0,1,1,1,3,Hibernating
15825,United Kingdom,United Kingdom,173,1,532.94,1,1,2,4,Hibernating
15826,United Kingdom,United Kingdom,57,3,1654.31,2,3,3,8,At Risk
15827,United Kingdom,United Kingdom,74,14,1836.0900000000001,2,4,4,10,At Risk
15829,United Kingdom,United Kingdom,100,2,636.14,2,2,2,6,Needs Attention
15830,United Kingdom,United Kingdom,38,1,576.0,3,1,2,6,Potential Loyalists
15831,United Kingdom,United Kingdom,59,3,794.64,2,3,3,8,At Risk
15832,United Kingdom,United Kingdom,255,1,836.79,1,1,3,5,Hibernating
15834,United Kingdom,United Kingdom,71,4,2225.15,2,3,4,9,At Risk
15835,United Kingdom,United Kingdom,45,4,954.09,3,3,3,9,Loyal Customers
15836,United Kingdom,United Kingdom,51,1,137.37,3,1,1,5,Potential Loyalists
15837,United Kingdom,United Kingdom,65,1,391.98,2,1,2,5,Needs Attention
15838,United Kingdom,United Kingdom,12,19,33643.08,4,4,4,12,Champions
15839,United Kingdom,United Kingdom,34,3,1048.49,3,3,3,9,Loyal Customers
15840,United Kingdom,United Kingdom,59,2,355.56,2,2,2,6,Needs Attention
15841,United Kingdom,United Kingdom,73,4,1224.06,2,3,3,8,At Risk
15843,United Kingdom,United Kingdom,304,1,118.95000000000002,1,1,1,3,Hibernating
15844,United Kingdom,United Kingdom,47,1,130.73999999999998,3,1,1,5,Potential Loyalists
15845,United Kingdom,United Kingdom,18,8,3711.77,4,4,4,12,Champions
15847,United Kingdom,United Kingdom,39,2,389.27,3,2,2,7,Potential Loyalists
15850,United Kingdom,United Kingdom,20,2,234.88,3,2,1,6,Potential Loyalists
15852,United Kingdom,United Kingdom,187,2,160.71,1,2,1,4,Hibernating
15853,United Kingdom,United Kingdom,52,1,110.8,2,1,1,4,Needs Attention
15854,United Kingdom,United Kingdom,5,12,2969.12,4,4,4,12,Champions
15855,United Kingdom,United Kingdom,137,5,712.24,2,3,3,8,At Risk
15856,United Kingdom,United Kingdom,5,27,16143.64,4,4,4,12,Champions
15857,United Kingdom,United Kingdom,19,1,297.0,3,1,1,5,Potential Loyalists
15858,United Kingdom,United Kingdom,16,5,1427.57,4,3,3,10,Loyal Customers
15860,United Kingdom,United Kingdom,41,8,965.16,3,4,3,10,Loyal Customers
15861,United Kingdom,United Kingdom,13,8,3146.92,4,4,4,12,Champions
15862,United Kingdom,United Kingdom,9,4,832.88,4,3,3,10,Loyal Customers
15863,United Kingdom,United Kingdom,26,2,68.84,3,2,1,6,Potential Loyalists
15864,United Kingdom,United Kingdom,23,6,1936.3200000000002,3,4,4,11,Loyal Customers
15865,United Kingdom,United Kingdom,41,3,895.13,3,3,3,9,Loyal Customers
15866,United Kingdom,United Kingdom,102,1,211.89,2,1,1,4,Needs Attention
15867,United Kingdom,United Kingdom,6,15,3810.14,4,4,4,12,Champions
15869,United Kingdom,United Kingdom,278,2,149.64,1,2,1,4,Hibernating
15870,United Kingdom,United Kingdom,33,1,351.44,3,1,2,6,Potential Loyalists
15872,United Kingdom,United Kingdom,15,2,316.25,4,2,2,8,Potential Loyalists
15874,United Kingdom,United Kingdom,64,7,4405.88,2,4,4,10,At Risk
15877,United Kingdom,United Kingdom,2,2,490.33,4,2,2,8,Potential Loyalists
15880,United Kingdom,United Kingdom,370,1,329.03000000000003,1,1,2,4,Hibernating
15881,United Kingdom,United Kingdom,313,5,501.39000000000004,1,3,2,6,At Risk
15882,United Kingdom,United Kingdom,199,4,516.36,1,3,2,6,At Risk
15883,United Kingdom,United Kingdom,3,2,396.48,4,2,2,8,Potential Loyalists
15885,United Kingdom,United Kingdom,93,3,379.35,2,3,2,7,At Risk
15886,United Kingdom,United Kingdom,61,1,181.09,2,1,1,4,Needs Attention
15888,United Kingdom,United Kingdom,81,1,168.31,2,1,1,4,Needs Attention
15889,United Kingdom,United Kingdom,157,2,420.07,1,2,2,5,Hibernating
15891,United Kingdom,United Kingdom,227,1,511.68,1,1,2,4,Hibernating
15894,United Kingdom,United Kingdom,254,2,258.25,1,2,1,4,Hibernating
15895,United Kingdom,United Kingdom,150,1,179.17,1,1,1,3,Hibernating
15897,United Kingdom,United Kingdom,195,2,208.59,1,2,1,4,Hibernating
15898,United Kingdom,United Kingdom,2,5,1383.83,4,3,3,10,Loyal Customers
15899,United Kingdom,United Kingdom,369,1,56.25,1,1,1,3,Hibernating
15900,United Kingdom,United Kingdom,24,1,337.28,3,1,2,6,Potential Loyalists
15901,United Kingdom,United Kingdom,17,3,351.73,4,3,2,9,Loyal Customers
15903,United Kingdom,United Kingdom,10,7,5126.76,4,4,4,12,Champions
15904,United Kingdom,United Kingdom,9,1,164.68,4,1,1,6,Potential Loyalists
15906,United Kingdom,United Kingdom,20,7,1567.69,3,4,3,10,Loyal Customers
15907,United Kingdom,United Kingdom,4,3,882.72,4,3,3,10,Loyal Customers
15909,United Kingdom,United Kingdom,174,1,191.94,1,1,1,3,Hibernating
15910,United Kingdom,United Kingdom,1,8,1228.88,4,4,3,11,Champions
15912,United Kingdom,United Kingdom,179,2,264.62,1,2,1,4,Hibernating
15916,United Kingdom,United Kingdom,17,8,1502.8600000000001,4,4,3,11,Champions
15917,United Kingdom,United Kingdom,248,1,123.1,1,1,1,3,Hibernating
15918,United Kingdom,United Kingdom,191,2,334.23,1,2,2,5,Hibernating
15919,United Kingdom,United Kingdom,20,2,525.69,3,2,2,7,Potential Loyalists
15920,United Kingdom,United Kingdom,155,4,167.5,1,3,1,5,At Risk
15921,United Kingdom,United Kingdom,173,1,323.03000000000003,1,1,2,4,Hibernating
15922,United Kingdom,United Kingdom,374,1,369.5,1,1,2,4,Hibernating
15923,United Kingdom,United Kingdom,373,1,127.08,1,1,1,3,Hibernating
15925,United Kingdom,United Kingdom,195,1,207.15,1,1,1,3,Hibernating
15930,United Kingdom,United Kingdom,68,1,426.63,2,1,2,5,Needs Attention
15932,United Kingdom,United Kingdom,5,8,2495.87,4,4,4,12,Champions
15933,United Kingdom,United Kingdom,22,3,1107.46,3,3,3,9,Loyal Customers
15935,United Kingdom,United Kingdom,240,2,416.86,1,2,2,5,Hibernating
15937,United Kingdom,United Kingdom,65,1,145.35,2,1,1,4,Needs Attention
15938,United Kingdom,United Kingdom,113,5,404.58,2,3,2,7,At Risk
15939,United Kingdom,United Kingdom,90,15,6115.01,2,4,4,10,At Risk
15940,United Kingdom,United Kingdom,312,1,35.8,1,1,1,3,Hibernating
15942,United Kingdom,United Kingdom,134,1,337.44,2,1,2,5,Needs Attention
15944,United Kingdom,United Kingdom,277,1,325.1,1,1,2,4,Hibernating
15945,United Kingdom,United Kingdom,366,1,181.0,1,1,1,3,Hibernating
15947,United Kingdom,United Kingdom,83,1,1708.24,2,1,4,7,Needs Attention
15948,United Kingdom,United Kingdom,9,2,955.24,4,2,3,9,Potential Loyalists
15949,United Kingdom,United Kingdom,17,2,364.72,4,2,2,8,Potential Loyalists
15950,United Kingdom,United Kingdom,32,4,1744.71,3,3,4,10,Loyal Customers
15951,United Kingdom,United Kingdom,9,2,708.22,4,2,3,9,Potential Loyalists
15952,United Kingdom,United Kingdom,34,4,781.91,3,3,3,9,Loyal Customers
15953,United Kingdom,United Kingdom,16,8,1657.28,4,4,3,11,Champions
15955,United Kingdom,United Kingdom,25,14,4416.26,3,4,4,11,Loyal Customers
15957,United Kingdom,United Kingdom,32,1,428.89,3,1,2,6,Potential Loyalists
15958,United Kingdom,United Kingdom,75,1,104.35,2,1,1,4,Needs Attention
15963,United Kingdom,United Kingdom,20,2,470.76,3,2,2,7,Potential Loyalists
15965,United Kingdom,United Kingdom,18,4,808.87,4,3,3,10,Loyal Customers
15967,United Kingdom,United Kingdom,24,2,397.68,3,2,2,7,Potential Loyalists
15969,United Kingdom,United Kingdom,3,3,666.1,4,3,2,9,Loyal Customers
15970,United Kingdom,United Kingdom,304,1,314.1,1,1,2,4,Hibernating
15971,United Kingdom,United Kingdom,18,12,4199.85,4,4,4,12,Champions
15973,United Kingdom,United Kingdom,367,1,307.82000000000005,1,1,2,4,Hibernating
15974,United Kingdom,United Kingdom,40,7,3442.15,3,4,4,11,Loyal Customers
15975,United Kingdom,United Kingdom,85,1,371.01,2,1,2,5,Needs Attention
15976,United Kingdom,United Kingdom,166,2,427.64,1,2,2,5,Hibernating
15977,United Kingdom,United Kingdom,18,2,1054.73,4,2,3,9,Potential Loyalists
15978,United Kingdom,United Kingdom,78,1,1098.78,2,1,3,6,Needs Attention
15980,United Kingdom,United Kingdom,89,3,2398.86,2,3,4,9,At Risk
15981,United Kingdom,United Kingdom,25,8,3408.48,3,4,4,11,Loyal Customers
15983,United Kingdom,United Kingdom,23,4,1465.12,3,3,3,9,Loyal Customers
15984,United Kingdom,United Kingdom,3,10,2780.63,4,4,4,12,Champions
15985,United Kingdom,United Kingdom,124,2,1142.42,2,2,3,7,Needs Attention
15986,United Kingdom,United Kingdom,31,1,168.12,3,1,1,5,Potential Loyalists
15987,United Kingdom,United Kingdom,13,7,1432.77,4,4,3,11,Champions
15988,United Kingdom,United Kingdom,20,1,156.78,3,1,1,5,Potential Loyalists
15990,United Kingdom,United Kingdom,45,2,792.11,3,2,3,8,Potential Loyalists
15992,United Kingdom,United Kingdom,4,1,41.989999999999995,4,1,1,6,Potential Loyalists
15993,United Kingdom,United Kingdom,9,7,2777.67,4,4,4,12,Champions
15994,United Kingdom,United Kingdom,55,1,414.27,2,1,2,5,Needs Attention
15996,United Kingdom,United Kingdom,89,6,1032.58,2,4,3,9,At Risk
15998,United Kingdom,United Kingdom,37,5,3080.22,3,3,4,10,Loyal Customers
16000,United Kingdom,United Kingdom,3,3,12393.7,4,3,4,11,Loyal Customers
16003,United Kingdom,United Kingdom,30,5,2735.37,3,3,4,10,Loyal Customers
16005,United Kingdom,United Kingdom,13,4,578.71,4,3,2,9,Loyal Customers
16006,United Kingdom,United Kingdom,212,1,101.4,1,1,1,3,Hibernating
16007,United Kingdom,United Kingdom,48,4,1693.81,3,3,4,10,Loyal Customers
16008,United Kingdom,United Kingdom,24,3,478.78,3,3,2,8,Loyal Customers
16009,United Kingdom,United Kingdom,23,4,972.11,3,3,3,9,Loyal Customers
16010,United Kingdom,United Kingdom,246,3,392.4,1,3,2,6,At Risk
16011,United Kingdom,United Kingdom,9,16,3352.96,4,4,4,12,Champions
16012,United Kingdom,United Kingdom,36,3,1415.29,3,3,3,9,Loyal Customers
16013,United Kingdom,United Kingdom,4,47,37130.6,4,4,4,12,Champions
16014,United Kingdom,United Kingdom,38,3,646.83,3,3,2,8,Loyal Customers
16015,United Kingdom,United Kingdom,4,3,704.55,4,3,3,10,Loyal Customers
16016,United Kingdom,United Kingdom,4,8,1465.51,4,4,3,11,Champions
16017,United Kingdom,United Kingdom,48,1,211.88,3,1,1,5,Potential Loyalists
16018,United Kingdom,United Kingdom,40,2,408.90000000000003,3,2,2,7,Potential Loyalists
16019,United Kingdom,United Kingdom,47,9,3786.2400000000002,3,4,4,11,Loyal Customers
16020,United Kingdom,United Kingdom,17,3,851.01,4,3,3,10,Loyal Customers
16022,United Kingdom,United Kingdom,261,1,602.63,1,1,2,4,Hibernating
16023,United Kingdom,United Kingdom,47,3,719.81,3,3,3,9,Loyal Customers
16024,United Kingdom,United Kingdom,13,1,251.03,4,1,1,6,Potential Loyalists
16025,United Kingdom,United Kingdom,30,1,439.65999999999997,3,1,2,6,Potential Loyalists
16026,United Kingdom,United Kingdom,44,1,236.09,3,1,1,5,Potential Loyalists
16027,United Kingdom,United Kingdom,92,6,934.62,2,4,3,9,At Risk
16029,United Kingdom,United Kingdom,39,63,80850.84,3,4,4,11,Loyal Customers
16030,United Kingdom,United Kingdom,310,1,331.24,1,1,2,4,Hibernating
16031,United Kingdom,United Kingdom,93,2,547.9,2,2,2,6,Needs Attention
16033,United Kingdom,United Kingdom,6,20,8778.82,4,4,4,12,Champions
16034,United Kingdom,United Kingdom,197,3,437.7,1,3,2,6,At Risk
16036,United Kingdom,United Kingdom,88,2,758.92,2,2,3,7,Needs Attention
16037,United Kingdom,United Kingdom,270,3,855.02,1,3,3,7,At Risk
16038,United Kingdom,United Kingdom,8,3,471.78000000000003,4,3,2,9,Loyal Customers
16040,United Kingdom,United Kingdom,66,3,1313.55,2,3,3,8,At Risk
16041,United Kingdom,United Kingdom,31,3,3166.4,3,3,4,10,Loyal Customers
16042,United Kingdom,United Kingdom,23,5,1177.47,3,3,3,9,Loyal Customers
16043,United Kingdom,United Kingdom,38,4,773.99,3,3,3,9,Loyal Customers
16045,United Kingdom,United Kingdom,120,4,1340.7,2,3,3,8,At Risk
16048,United Kingdom,United Kingdom,374,2,256.44,1,2,1,4,Hibernating
16049,United Kingdom,United Kingdom,41,3,1074.81,3,3,3,9,Loyal Customers
16050,United Kingdom,United Kingdom,174,1,137.9,1,1,1,3,Hibernating
16052,United Kingdom,United Kingdom,55,1,362.06,2,1,2,5,Needs Attention
16053,United Kingdom,United Kingdom,33,2,1511.95,3,2,3,8,Potential Loyalists
16054,United Kingdom,United Kingdom,146,1,783.9,1,1,3,5,Hibernating
16055,United Kingdom,United Kingdom,221,1,134.8,1,1,1,3,Hibernating
16056,United Kingdom,United Kingdom,46,1,650.75,3,1,2,6,Potential Loyalists
16057,United Kingdom,United Kingdom,17,7,2263.12,4,4,4,12,Champions
16059,United Kingdom,United Kingdom,66,6,1453.16,2,4,3,9,At Risk
16062,United Kingdom,United Kingdom,10,4,1153.62,4,3,3,10,Loyal Customers
16063,United Kingdom,United Kingdom,261,1,335.32,1,1,2,4,Hibernating
16065,United Kingdom,United Kingdom,366,1,367.14,1,1,2,4,Hibernating
16066,United Kingdom,United Kingdom,17,5,1521.04,4,3,3,10,Loyal Customers
16070,United Kingdom,United Kingdom,23,2,852.15,3,2,3,8,Potential Loyalists
16071,United Kingdom,United Kingdom,45,1,326.24,3,1,2,6,Potential Loyalists
16072,United Kingdom,United Kingdom,289,1,584.3199999999999,1,1,2,4,Hibernating
16073,United Kingdom,United Kingdom,298,1,122.39999999999999,1,1,1,3,Hibernating
16076,United Kingdom,United Kingdom,4,10,2234.73,4,4,4,12,Champions
16078,United Kingdom,United Kingdom,284,1,79.2,1,1,1,3,Hibernating
16079,United Kingdom,United Kingdom,17,3,1352.0,4,3,3,10,Loyal Customers
16080,United Kingdom,United Kingdom,82,2,217.16,2,2,1,5,Needs Attention
16081,United Kingdom,United Kingdom,57,5,2799.42,2,3,4,9,At Risk
16083,United Kingdom,United Kingdom,101,2,1317.62,2,2,3,7,Needs Attention
16084,United Kingdom,United Kingdom,300,1,436.18,1,1,2,4,Hibernating
16085,United Kingdom,United Kingdom,24,5,981.51,3,3,3,9,Loyal Customers
16086,United Kingdom,United Kingdom,60,5,1121.39,2,3,3,8,At Risk
16091,United Kingdom,United Kingdom,155,2,315.06,1,2,2,5,Hibernating
16092,United Kingdom,United Kingdom,115,3,817.86,2,3,3,8,At Risk
16093,United Kingdom,United Kingdom,107,1,17.0,2,1,1,4,Needs Attention
16094,United Kingdom,United Kingdom,12,4,1078.23,4,3,3,10,Loyal Customers
16096,United Kingdom,United Kingdom,265,1,320.62,1,1,2,4,Hibernating
16097,United Kingdom,United Kingdom,241,1,185.04999999999998,1,1,1,3,Hibernating
16098,United Kingdom,United Kingdom,88,7,2005.63,2,4,4,10,At Risk
16099,United Kingdom,United Kingdom,51,3,731.9,3,3,3,9,Loyal Customers
16101,United Kingdom,United Kingdom,71,1,1290.7,2,1,3,6,Needs Attention
16102,United Kingdom,United Kingdom,43,3,1842.14,3,3,4,10,Loyal Customers
16103,United Kingdom,United Kingdom,8,6,1429.64,4,4,3,11,Champions
16104,United Kingdom,United Kingdom,62,1,298.21,2,1,1,4,Needs Attention
16105,United Kingdom,United Kingdom,249,1,336.96,1,1,2,4,Hibernating
16106,United Kingdom,United Kingdom,66,1,108.38,2,1,1,4,Needs Attention
16107,United Kingdom,United Kingdom,18,7,3204.1600000000003,4,4,4,12,Champions
16108,United Kingdom,United Kingdom,85,1,842.5,2,1,3,6,Needs Attention
16109,United Kingdom,United Kingdom,219,2,611.88,1,2,2,5,Hibernating
16110,United Kingdom,United Kingdom,46,3,1320.95,3,3,3,9,Loyal Customers
16112,United Kingdom,United Kingdom,144,4,195.73999999999998,1,3,1,5,At Risk
16113,United Kingdom,United Kingdom,184,1,161.38,1,1,1,3,Hibernating
16114,United Kingdom,United Kingdom,171,1,135.75000000000003,1,1,1,3,Hibernating
16115,United Kingdom,United Kingdom,10,8,1660.8799999999999,4,4,4,12,Champions
16116,United Kingdom,United Kingdom,212,1,612.78,1,1,2,4,Hibernating
16117,United Kingdom,United Kingdom,190,1,232.21,1,1,1,3,Hibernating
16119,United Kingdom,United Kingdom,9,2,423.36,4,2,2,8,Potential Loyalists
16120,United Kingdom,United Kingdom,60,4,1309.14,2,3,3,8,At Risk
16121,United Kingdom,United Kingdom,58,2,854.66,2,2,3,7,Needs Attention
16122,United Kingdom,United Kingdom,74,4,684.4200000000001,2,3,3,8,At Risk
16123,United Kingdom,United Kingdom,52,1,307.78,2,1,2,5,Needs Attention
16124,United Kingdom,United Kingdom,318,1,249.0,1,1,1,3,Hibernating
16125,United Kingdom,United Kingdom,368,1,289.35,1,1,1,3,Hibernating
16126,United Kingdom,United Kingdom,30,4,6287.77,3,3,4,10,Loyal Customers
16127,United Kingdom,United Kingdom,40,1,656.25,3,1,2,6,Potential Loyalists
16128,United Kingdom,United Kingdom,18,5,1880.22,4,3,4,11,Loyal Customers
16131,United Kingdom,United Kingdom,52,6,3506.54,2,4,4,10,At Risk
16133,United Kingdom,United Kingdom,4,33,14589.04,4,4,4,12,Champions
16134,United Kingdom,United Kingdom,22,2,618.09,3,2,2,7,Potential Loyalists
16135,United Kingdom,United Kingdom,263,1,517.55,1,1,2,4,Hibernating
16136,United Kingdom,United Kingdom,60,3,709.38,2,3,3,8,At Risk
16139,United Kingdom,United Kingdom,19,3,635.41,3,3,2,8,Loyal Customers
16140,United Kingdom,United Kingdom,66,2,725.18,2,2,3,7,Needs Attention
16141,United Kingdom,United Kingdom,89,1,620.4,2,1,2,5,Needs Attention
16142,United Kingdom,United Kingdom,250,1,535.34,1,1,2,4,Hibernating
16143,United Kingdom,United Kingdom,4,6,2424.94,4,4,4,12,Champions
16144,United Kingdom,United Kingdom,247,1,175.2,1,1,1,3,Hibernating
16145,United Kingdom,United Kingdom,9,11,3799.4900000000002,4,4,4,12,Champions
16146,United Kingdom,United Kingdom,158,3,734.13,1,3,3,7,At Risk
16147,United Kingdom,United Kingdom,134,1,375.0,2,1,2,5,Needs Attention
16148,United Kingdom,United Kingdom,297,1,76.32000000000001,1,1,1,3,Hibernating
16149,United Kingdom,United Kingdom,5,2,280.52,4,2,1,7,Potential Loyalists
16150,United Kingdom,United Kingdom,43,5,2053.02,3,3,4,10,Loyal Customers
16152,United Kingdom,United Kingdom,269,1,1829.04,1,1,4,6,Hibernating
16153,United Kingdom,United Kingdom,50,5,1824.23,3,3,4,10,Loyal Customers
16156,United Kingdom,United Kingdom,9,9,3092.04,4,4,4,12,Champions
16157,United Kingdom,United Kingdom,16,3,656.69,4,3,2,9,Loyal Customers
16159,United Kingdom,United Kingdom,282,1,348.2,1,1,2,4,Hibernating
16160,United Kingdom,United Kingdom,66,2,1025.44,2,2,3,7,Needs Attention
16161,United Kingdom,United Kingdom,2,19,5533.67,4,4,4,12,Champions
16162,United Kingdom,United Kingdom,253,1,37.4,1,1,1,3,Hibernating
16163,United Kingdom,United Kingdom,233,2,856.6,1,2,3,6,Hibernating
16164,United Kingdom,United Kingdom,18,3,822.48,4,3,3,10,Loyal Customers
16168,United Kingdom,United Kingdom,11,27,3787.6,4,4,4,12,Champions
16169,United Kingdom,United Kingdom,9,4,1822.97,4,3,4,11,Loyal Customers
16170,United Kingdom,United Kingdom,51,6,1885.05,3,4,4,11,Loyal Customers
16171,United Kingdom,United Kingdom,60,1,73.2,2,1,1,4,Needs Attention
16172,United Kingdom,United Kingdom,96,5,1140.21,2,3,3,8,At Risk
16173,United Kingdom,United Kingdom,16,6,1418.32,4,4,3,11,Champions
16174,United Kingdom,United Kingdom,127,3,1009.5500000000001,2,3,3,8,At Risk
16175,United Kingdom,United Kingdom,95,4,1037.59,2,3,3,8,At Risk
16177,United Kingdom,United Kingdom,51,1,331.95,3,1,2,6,Potential Loyalists
16178,United Kingdom,United Kingdom,139,1,197.9,2,1,1,4,Needs Attention
16179,United Kingdom,United Kingdom,61,1,215.83,2,1,1,4,Needs Attention
16180,United Kingdom,United Kingdom,101,8,10254.18,2,4,4,10,At Risk
16181,United Kingdom,United Kingdom,74,1,305.54,2,1,1,4,Needs Attention
16182,United Kingdom,United Kingdom,73,4,6617.65,2,3,4,9,At Risk
16183,United Kingdom,United Kingdom,68,1,338.71000000000004,2,1,2,5,Needs Attention
16184,United Kingdom,United Kingdom,65,6,1158.79,2,4,3,9,At Risk
16185,United Kingdom,United Kingdom,17,2,529.41,4,2,2,8,Potential Loyalists
16186,United Kingdom,United Kingdom,23,12,4006.94,3,4,4,11,Loyal Customers
16187,United Kingdom,United Kingdom,32,15,6911.4400000000005,3,4,4,11,Loyal Customers
16188,United Kingdom,United Kingdom,45,4,981.86,3,3,3,9,Loyal Customers
16189,United Kingdom,United Kingdom,16,2,215.48,4,2,1,7,Potential Loyalists
16190,United Kingdom,United Kingdom,41,1,215.08,3,1,1,5,Potential Loyalists
16191,United Kingdom,United Kingdom,3,13,5180.52,4,4,4,12,Champions
16193,United Kingdom,United Kingdom,237,1,314.45,1,1,2,4,Hibernating
16198,United Kingdom,United Kingdom,76,1,400.68100000000004,2,1,2,5,Needs Attention
16200,United Kingdom,United Kingdom,5,2,1068.8700000000001,4,2,3,9,Potential Loyalists
16201,United Kingdom,United Kingdom,4,4,1863.47,4,3,4,11,Loyal Customers
16202,United Kingdom,United Kingdom,361,1,365.27,1,1,2,4,Hibernating
16203,United Kingdom,United Kingdom,59,4,592.9,2,3,2,7,At Risk
16204,United Kingdom,United Kingdom,24,1,384.18,3,1,2,6,Potential Loyalists
16205,United Kingdom,United Kingdom,31,4,757.63,3,3,3,9,Loyal Customers
16206,United Kingdom,United Kingdom,55,4,537.0600000000001,2,3,2,7,At Risk
16207,United Kingdom,United Kingdom,26,1,394.38,3,1,2,6,Potential Loyalists
16208,United Kingdom,United Kingdom,45,2,664.26,3,2,2,7,Potential Loyalists
16209,United Kingdom,United Kingdom,89,5,2262.62,2,3,4,9,At Risk
16210,United Kingdom,United Kingdom,2,18,21086.3,4,4,4,12,Champions
16211,United Kingdom,United Kingdom,89,1,547.02,2,1,2,5,Needs Attention
16212,United Kingdom,United Kingdom,20,2,690.34,3,2,3,8,Potential Loyalists
16213,United Kingdom,United Kingdom,79,1,159.0,2,1,1,4,Needs Attention
16214,United Kingdom,United Kingdom,171,3,1062.75,1,3,3,7,At Risk
16215,United Kingdom,United Kingdom,81,1,242.35,2,1,1,4,Needs Attention
16216,United Kingdom,United Kingdom,268,1,914.9300000000001,1,1,3,5,Hibernating
16217,United Kingdom,United Kingdom,236,2,304.25,1,2,1,4,Hibernating
16218,United Kingdom,United Kingdom,30,7,3084.68,3,4,4,11,Loyal Customers
16221,United Kingdom,United Kingdom,37,3,860.86,3,3,3,9,Loyal Customers
16222,United Kingdom,United Kingdom,319,1,773.5500000000001,1,1,3,5,Hibernating
16224,United Kingdom,United Kingdom,58,4,1295.3,2,3,3,8,At Risk
16225,United Kingdom,United Kingdom,45,5,1096.32,3,3,3,9,Loyal Customers
16226,United Kingdom,United Kingdom,204,3,255.12,1,3,1,5,At Risk
16227,United Kingdom,United Kingdom,226,1,314.22,1,1,2,4,Hibernating
16229,United Kingdom,United Kingdom,88,2,1010.6,2,2,3,7,Needs Attention
16230,United Kingdom,United Kingdom,190,2,542.03,1,2,2,5,Hibernating
16232,United Kingdom,United Kingdom,44,4,990.88,3,3,3,9,Loyal Customers
16233,United Kingdom,United Kingdom,72,3,536.6800000000001,2,3,2,7,At Risk
16235,United Kingdom,United Kingdom,41,5,867.31,3,3,3,9,Loyal Customers
16236,United Kingdom,United Kingdom,79,1,432.2,2,1,2,5,Needs Attention
16239,United Kingdom,United Kingdom,57,2,414.2,2,2,2,6,Needs Attention
16240,United Kingdom,United Kingdom,25,2,3718.8,3,2,4,9,Potential Loyalists
16241,United Kingdom,United Kingdom,10,13,2590.31,4,4,4,12,Champions
16242,United Kingdom,United Kingdom,9,7,3579.86,4,4,4,12,Champions
16243,United Kingdom,United Kingdom,34,2,409.1,3,2,2,7,Potential Loyalists
16244,United Kingdom,United Kingdom,212,2,1522.75,1,2,3,6,Hibernating
16245,United Kingdom,United Kingdom,24,3,1413.66,3,3,3,9,Loyal Customers
16247,United Kingdom,United Kingdom,171,1,114.56,1,1,1,3,Hibernating
16248,United Kingdom,United Kingdom,62,1,152.94,2,1,1,4,Needs Attention
16249,United Kingdom,United Kingdom,53,5,1800.07,2,3,4,9,At Risk
16250,United Kingdom,United Kingdom,262,2,389.44,1,2,2,5,Hibernating
16253,United Kingdom,United Kingdom,67,2,3683.86,2,2,4,8,Needs Attention
16255,United Kingdom,United Kingdom,17,8,2619.91,4,4,4,12,Champions
16256,United Kingdom,United Kingdom,267,1,752.4300000000001,1,1,3,5,Hibernating
16257,United Kingdom,United Kingdom,177,1,46.95,1,1,1,3,Hibernating
16258,United Kingdom,United Kingdom,46,5,5203.51,3,3,4,10,Loyal Customers
16260,United Kingdom,United Kingdom,51,1,1035.45,3,1,3,7,Potential Loyalists
16261,United Kingdom,United Kingdom,18,4,728.54,4,3,3,10,Loyal Customers
16265,United Kingdom,United Kingdom,10,9,5447.0,4,4,4,12,Champions
16266,United Kingdom,United Kingdom,74,7,861.89,2,4,3,9,At Risk
16268,United Kingdom,United Kingdom,72,2,667.65,2,2,2,6,Needs Attention
16270,United Kingdom,United Kingdom,354,1,1141.24,1,1,3,5,Hibernating
16271,United Kingdom,United Kingdom,3,5,1404.64,4,3,3,10,Loyal Customers
16272,United Kingdom,United Kingdom,117,1,411.7,2,1,2,5,Needs Attention
16274,United Kingdom,United Kingdom,374,1,351.75,1,1,2,4,Hibernating
16275,United Kingdom,United Kingdom,197,1,559.87,1,1,2,4,Hibernating
16276,United Kingdom,United Kingdom,177,1,810.6000000000001,1,1,3,5,Hibernating
16278,United Kingdom,United Kingdom,101,1,566.38,2,1,2,5,Needs Attention
16279,United Kingdom,United Kingdom,22,3,1502.78,3,3,3,9,Loyal Customers
16281,United Kingdom,United Kingdom,73,1,2062.06,2,1,4,7,Needs Attention
16282,United Kingdom,United Kingdom,340,1,168.3,1,1,1,3,Hibernating
16283,United Kingdom,United Kingdom,6,5,1570.81,4,3,3,10,Loyal Customers
16284,United Kingdom,United Kingdom,32,2,812.68,3,2,3,8,Potential Loyalists
16287,United Kingdom,United Kingdom,170,1,142.5,1,1,1,3,Hibernating
16292,United Kingdom,United Kingdom,122,1,302.25,2,1,1,4,Needs Attention
16293,United Kingdom,United Kingdom,22,10,2248.9900000000002,3,4,4,11,Loyal Customers
16295,United Kingdom,United Kingdom,10,4,1328.55,4,3,3,10,Loyal Customers
16297,United Kingdom,United Kingdom,269,1,301.9,1,1,1,3,Hibernating
16298,United Kingdom,United Kingdom,23,3,598.2,3,3,2,8,Loyal Customers
16302,United Kingdom,United Kingdom,127,1,233.22,2,1,1,4,Needs Attention
16303,United Kingdom,United Kingdom,26,3,5360.63,3,3,4,10,Loyal Customers
16305,United Kingdom,United Kingdom,139,1,361.21999999999997,2,1,2,5,Needs Attention
16306,United Kingdom,United Kingdom,214,6,632.27,1,4,2,7,At Risk
16308,United Kingdom,United Kingdom,38,4,2560.0,3,3,4,10,Loyal Customers
16309,United Kingdom,United Kingdom,107,2,706.57,2,2,3,7,Needs Attention
16311,United Kingdom,United Kingdom,18,2,616.26,4,2,2,8,Potential Loyalists
16313,United Kingdom,United Kingdom,4,2,274.15000000000003,4,2,1,7,Potential Loyalists
16315,United Kingdom,United Kingdom,331,1,226.37,1,1,1,3,Hibernating
16316,United Kingdom,United Kingdom,65,8,2938.91,2,4,4,10,At Risk
16317,United Kingdom,United Kingdom,120,3,1341.65,2,3,3,8,At Risk
16318,United Kingdom,United Kingdom,36,1,328.15,3,1,2,6,Potential Loyalists
16319,United Kingdom,United Kingdom,218,1,404.40000000000003,1,1,2,4,Hibernating
16320,Unspecified,International,173,2,1038.46,1,2,3,6,Hibernating
16321,Australia,International,73,5,373.65000000000003,2,3,2,7,At Risk
16322,United Kingdom,United Kingdom,2,2,326.75,4,2,2,8,Potential Loyalists
16323,United Kingdom,United Kingdom,197,1,207.50000000000003,1,1,1,3,Hibernating
16324,United Kingdom,United Kingdom,129,3,408.59000000000003,2,3,2,7,At Risk
16325,United Kingdom,United Kingdom,47,3,594.24,3,3,2,8,Loyal Customers
16326,United Kingdom,United Kingdom,6,14,3039.2200000000003,4,4,4,12,Champions
16327,United Kingdom,United Kingdom,15,6,3820.27,4,4,4,12,Champions
16330,United Kingdom,United Kingdom,18,3,251.91,4,3,1,8,Loyal Customers
16332,United Kingdom,United Kingdom,29,7,1582.8,3,4,3,10,Loyal Customers
16333,United Kingdom,United Kingdom,8,22,26626.8,4,4,4,12,Champions
16337,United Kingdom,United Kingdom,37,1,151.05,3,1,1,5,Potential Loyalists
16338,United Kingdom,United Kingdom,158,1,214.79999999999998,1,1,1,3,Hibernating
16339,United Kingdom,United Kingdom,285,1,94.05,1,1,1,3,Hibernating
16340,United Kingdom,United Kingdom,108,1,534.31,2,1,2,5,Needs Attention
16341,United Kingdom,United Kingdom,25,4,1971.87,3,3,4,10,Loyal Customers
16342,United Kingdom,United Kingdom,76,4,322.41,2,3,2,7,At Risk
16343,United Kingdom,United Kingdom,17,2,328.58,4,2,2,8,Potential Loyalists
16344,United Kingdom,United Kingdom,159,1,101.10000000000001,1,1,1,3,Hibernating
16345,United Kingdom,United Kingdom,45,1,565.46,3,1,2,6,Potential Loyalists
16347,United Kingdom,United Kingdom,12,2,847.45,4,2,3,9,Potential Loyalists
16348,United Kingdom,United Kingdom,33,7,1415.65,3,4,3,10,Loyal Customers
16349,United Kingdom,United Kingdom,291,1,53.5,1,1,1,3,Hibernating
16350,United Kingdom,United Kingdom,22,4,1116.47,3,3,3,9,Loyal Customers
16351,United Kingdom,United Kingdom,333,1,153.9,1,1,1,3,Hibernating
16352,United Kingdom,United Kingdom,18,2,494.44,4,2,2,8,Potential Loyalists
16353,United Kingdom,United Kingdom,4,23,6675.71,4,4,4,12,Champions
16354,United Kingdom,United Kingdom,64,2,395.8,2,2,2,6,Needs Attention
16356,United Kingdom,United Kingdom,198,3,211.77,1,3,1,5,At Risk
16357,United Kingdom,United Kingdom,34,3,658.88,3,3,2,8,Loyal Customers
16358,United Kingdom,United Kingdom,2,4,2027.5,4,3,4,11,Loyal Customers
16359,United Kingdom,United Kingdom,8,9,1750.92,4,4,4,12,Champions
16360,United Kingdom,United Kingdom,5,6,3450.41,4,4,4,12,Champions
16361,United Kingdom,United Kingdom,10,4,891.21,4,3,3,10,Loyal Customers
16362,United Kingdom,United Kingdom,33,5,709.99,3,3,3,9,Loyal Customers
16363,United Kingdom,United Kingdom,54,1,109.36000000000001,2,1,1,4,Needs Attention
16364,United Kingdom,United Kingdom,12,2,705.79,4,2,3,9,Potential Loyalists
16365,United Kingdom,United Kingdom,18,9,1540.42,4,4,3,11,Champions
16366,United Kingdom,United Kingdom,19,1,327.3,3,1,2,6,Potential Loyalists
16367,United Kingdom,United Kingdom,38,2,800.67,3,2,3,8,Potential Loyalists
16368,United Kingdom,United Kingdom,3,2,479.91,4,2,2,8,Potential Loyalists
16369,United Kingdom,United Kingdom,19,3,1545.41,3,3,3,9,Loyal Customers
16370,United Kingdom,United Kingdom,83,4,1301.91,2,3,3,8,At Risk
16372,United Kingdom,United Kingdom,34,2,355.73,3,2,2,7,Potential Loyalists
16374,United Kingdom,United Kingdom,67,2,466.73,2,2,2,6,Needs Attention
16376,United Kingdom,United Kingdom,9,2,974.96,4,2,3,9,Potential Loyalists
16377,United Kingdom,United Kingdom,268,1,676.2,1,1,3,5,Hibernating
16378,United Kingdom,United Kingdom,248,3,362.95,1,3,2,6,At Risk
16379,United Kingdom,United Kingdom,5,4,2157.4,4,3,4,11,Loyal Customers
16380,United Kingdom,United Kingdom,62,1,1743.1499999999999,2,1,4,7,Needs Attention
16383,United Kingdom,United Kingdom,75,2,643.76,2,2,2,6,Needs Attention
16384,United Kingdom,United Kingdom,90,2,584.5,2,2,2,6,Needs Attention
16385,United Kingdom,United Kingdom,61,3,554.86,2,3,2,7,At Risk
16386,United Kingdom,United Kingdom,29,2,302.57,3,2,1,6,Potential Loyalists
16387,United Kingdom,United Kingdom,323,1,94.36,1,1,1,3,Hibernating
16389,United Kingdom,United Kingdom,54,4,1382.07,2,3,3,8,At Risk
16392,United Kingdom,United Kingdom,270,1,217.89,1,1,1,3,Hibernating
16393,United Kingdom,United Kingdom,3,13,3040.96,4,4,4,12,Champions
16394,United Kingdom,United Kingdom,57,5,1555.34,2,3,3,8,At Risk
16395,United Kingdom,United Kingdom,61,5,1482.06,2,3,3,8,At Risk
16398,United Kingdom,United Kingdom,155,2,1705.8,1,2,4,7,Hibernating
16399,United Kingdom,United Kingdom,20,2,408.02,3,2,2,7,Potential Loyalists
16400,United Kingdom,United Kingdom,95,1,303.93,2,1,1,4,Needs Attention
16401,United Kingdom,United Kingdom,2,12,4098.32,4,4,4,12,Champions
16402,United Kingdom,United Kingdom,265,2,293.45,1,2,1,4,Hibernating
16403,United Kingdom,United Kingdom,313,1,177.5,1,1,1,3,Hibernating
16404,United Kingdom,United Kingdom,71,1,443.05,2,1,2,5,Needs Attention
16405,United Kingdom,United Kingdom,303,2,167.25,1,2,1,4,Hibernating
16406,United Kingdom,United Kingdom,19,1,154.35,3,1,1,5,Potential Loyalists
16407,United Kingdom,United Kingdom,13,10,2079.68,4,4,4,12,Champions
16409,United Kingdom,United Kingdom,37,5,2022.98,3,3,4,10,Loyal Customers
16411,United Kingdom,United Kingdom,20,2,211.7,3,2,1,6,Potential Loyalists
16412,United Kingdom,United Kingdom,54,1,135.99,2,1,1,4,Needs Attention
16413,United Kingdom,United Kingdom,57,1,262.2,2,1,1,4,Needs Attention
16414,United Kingdom,United Kingdom,22,2,126.25,3,2,1,6,Potential Loyalists
16415,United Kingdom,United Kingdom,45,1,200.27,3,1,1,5,Potential Loyalists
16416,United Kingdom,United Kingdom,27,3,1051.4,3,3,3,9,Loyal Customers
16418,United Kingdom,United Kingdom,45,3,631.12,3,3,2,8,Loyal Customers
16419,United Kingdom,United Kingdom,113,6,958.71,2,4,3,9,At Risk
16422,United Kingdom,United Kingdom,18,51,34684.4,4,4,4,12,Champions
16423,United Kingdom,United Kingdom,25,1,346.12,3,1,2,6,Potential Loyalists
16424,United Kingdom,United Kingdom,192,1,133.56,1,1,1,3,Hibernating
16425,United Kingdom,United Kingdom,303,1,302.7,1,1,1,3,Hibernating
16426,United Kingdom,United Kingdom,3,10,1863.76,4,4,4,12,Champions
16427,United Kingdom,United Kingdom,264,2,241.06,1,2,1,4,Hibernating
16429,United Kingdom,United Kingdom,107,1,284.55,2,1,1,4,Needs Attention
16430,United Kingdom,United Kingdom,58,1,300.85,2,1,1,4,Needs Attention
16431,United Kingdom,United Kingdom,214,3,623.28,1,3,2,6,At Risk
16432,United Kingdom,United Kingdom,65,1,287.4,2,1,1,4,Needs Attention
16433,United Kingdom,United Kingdom,29,1,184.26,3,1,1,5,Potential Loyalists
16434,United Kingdom,United Kingdom,30,7,1511.8,3,4,3,10,Loyal Customers
16438,United Kingdom,United Kingdom,6,5,798.35,4,3,3,10,Loyal Customers
16440,United Kingdom,United Kingdom,8,5,3640.67,4,3,4,11,Loyal Customers
16441,United Kingdom,United Kingdom,68,2,381.2,2,2,2,6,Needs Attention
16442,United Kingdom,United Kingdom,2,3,609.3,4,3,2,9,Loyal Customers
16444,United Kingdom,United Kingdom,47,4,654.67,3,3,2,8,Loyal Customers
16445,United Kingdom,United Kingdom,34,1,230.51,3,1,1,5,Potential Loyalists
16446,United Kingdom,United Kingdom,1,2,168472.5,4,2,4,10,Potential Loyalists
16447,United Kingdom,United Kingdom,136,1,255.91,2,1,1,4,Needs Attention
16448,United Kingdom,United Kingdom,199,1,182.99,1,1,1,3,Hibernating
16449,United Kingdom,United Kingdom,198,2,707.69,1,2,3,6,Hibernating
16450,United Kingdom,United Kingdom,150,1,311.92,1,1,2,4,Hibernating
16451,United Kingdom,United Kingdom,88,1,266.97,2,1,1,4,Needs Attention
16454,United Kingdom,United Kingdom,45,2,6.9,3,2,1,6,Potential Loyalists
16455,United Kingdom,United Kingdom,64,7,1841.18,2,4,4,10,At Risk
16456,United Kingdom,United Kingdom,100,5,2158.18,2,3,4,9,At Risk
16457,United Kingdom,United Kingdom,219,1,208.36,1,1,1,3,Hibernating
16458,United Kingdom,United Kingdom,3,18,3482.7400000000002,4,4,4,12,Champions
16460,United Kingdom,United Kingdom,29,3,811.23,3,3,3,9,Loyal Customers
16461,United Kingdom,United Kingdom,178,1,142.92,1,1,1,3,Hibernating
16462,United Kingdom,United Kingdom,74,3,136.0,2,3,1,6,At Risk
16463,United Kingdom,United Kingdom,22,4,1422.4,3,3,3,9,Loyal Customers
16464,United Kingdom,United Kingdom,20,3,1298.66,3,3,3,9,Loyal Customers
16466,United Kingdom,United Kingdom,34,7,1595.96,3,4,3,10,Loyal Customers
16468,United Kingdom,United Kingdom,75,1,74.9,2,1,1,4,Needs Attention
16469,United Kingdom,United Kingdom,24,4,625.42,3,3,2,8,Loyal Customers
16470,United Kingdom,United Kingdom,52,4,752.77,2,3,3,8,At Risk
16471,United Kingdom,United Kingdom,275,1,223.95000000000002,1,1,1,3,Hibernating
16473,United Kingdom,United Kingdom,165,3,316.11,1,3,2,6,At Risk
16474,United Kingdom,United Kingdom,8,7,1810.65,4,4,4,12,Champions
16475,United Kingdom,United Kingdom,89,4,544.3,2,3,2,7,At Risk
16477,United Kingdom,United Kingdom,64,7,2494.46,2,4,4,10,At Risk
16478,United Kingdom,United Kingdom,26,3,331.0,3,3,2,8,Loyal Customers
16479,United Kingdom,United Kingdom,11,2,300.83,4,2,1,7,Potential Loyalists
16480,United Kingdom,United Kingdom,76,1,769.29,2,1,3,6,Needs Attention
16482,United Kingdom,United Kingdom,16,1,220.62,4,1,1,6,Potential Loyalists
16483,United Kingdom,United Kingdom,193,1,139.35,1,1,1,3,Hibernating
16484,United Kingdom,United Kingdom,174,2,404.3,1,2,2,5,Hibernating
16485,United Kingdom,United Kingdom,78,1,363.65,2,1,2,5,Needs Attention
16488,United Kingdom,United Kingdom,34,3,498.8,3,3,2,8,Loyal Customers
16491,United Kingdom,United Kingdom,47,1,731.5,3,1,3,7,Potential Loyalists
16493,United Kingdom,United Kingdom,80,4,1351.63,2,3,3,8,At Risk
16494,United Kingdom,United Kingdom,297,1,826.53,1,1,3,5,Hibernating
16495,United Kingdom,United Kingdom,4,3,648.26,4,3,2,9,Loyal Customers
16496,United Kingdom,United Kingdom,9,3,1599.52,4,3,3,10,Loyal Customers
16497,United Kingdom,United Kingdom,50,6,2965.69,3,4,4,11,Loyal Customers
16498,United Kingdom,United Kingdom,162,2,100.97,1,2,1,4,Hibernating
16499,United Kingdom,United Kingdom,361,2,365.45,1,2,2,5,Hibernating
16500,United Kingdom,United Kingdom,5,6,400.86,4,4,2,10,Champions
16503,United Kingdom,United Kingdom,107,4,1431.93,2,3,3,8,At Risk
16504,United Kingdom,United Kingdom,26,1,465.88,3,1,2,6,Potential Loyalists
16505,United Kingdom,United Kingdom,32,1,777.6,3,1,3,7,Potential Loyalists
16506,United Kingdom,United Kingdom,20,2,90.30000000000001,3,2,1,6,Potential Loyalists
16509,United Kingdom,United Kingdom,297,1,363.7,1,1,2,4,Hibernating
16510,United Kingdom,United Kingdom,373,1,248.1,1,1,1,3,Hibernating
16511,United Kingdom,United Kingdom,22,3,918.33,3,3,3,9,Loyal Customers
16513,United Kingdom,United Kingdom,5,4,874.59,4,3,3,10,Loyal Customers
16515,United Kingdom,United Kingdom,53,5,1624.14,2,3,3,8,At Risk
16516,United Kingdom,United Kingdom,31,1,101.69999999999999,3,1,1,5,Potential Loyalists
16517,United Kingdom,United Kingdom,278,1,162.7,1,1,1,3,Hibernating
16518,United Kingdom,United Kingdom,62,2,484.32,2,2,2,6,Needs Attention
16519,United Kingdom,United Kingdom,26,2,215.07999999999998,3,2,1,6,Potential Loyalists
16520,United Kingdom,United Kingdom,187,3,1046.57,1,3,3,7,At Risk
16523,United Kingdom,United Kingdom,2,21,9418.470000000001,4,4,4,12,Champions
16525,United Kingdom,United Kingdom,3,26,13027.45,4,4,4,12,Champions
16526,United Kingdom,United Kingdom,172,1,290.36,1,1,1,3,Hibernating
16527,United Kingdom,United Kingdom,82,1,228.06,2,1,1,4,Needs Attention
16528,United Kingdom,United Kingdom,4,1,244.41,4,1,1,6,Potential Loyalists
16529,United Kingdom,United Kingdom,191,1,455.25,1,1,2,4,Hibernating
16531,United Kingdom,United Kingdom,23,7,1244.59,3,4,3,10,Loyal Customers
16532,United Kingdom,United Kingdom,18,3,6748.8,4,3,4,11,Loyal Customers
16533,United Kingdom,United Kingdom,20,3,1082.81,3,3,3,9,Loyal Customers
16535,United Kingdom,United Kingdom,6,1,593.75,4,1,2,7,Potential Loyalists
16536,United Kingdom,United Kingdom,111,1,548.12,2,1,2,5,Needs Attention
16539,United Kingdom,United Kingdom,3,4,1388.81,4,3,3,10,Loyal Customers
16542,United Kingdom,United Kingdom,54,1,119.62,2,1,1,4,Needs Attention
16545,United Kingdom,United Kingdom,165,1,339.3,1,1,2,4,Hibernating
16546,United Kingdom,United Kingdom,291,2,787.15,1,2,3,6,Hibernating
16549,United Kingdom,United Kingdom,11,10,4034.9,4,4,4,12,Champions
16550,United Kingdom,United Kingdom,109,5,2298.97,2,3,4,9,At Risk
16551,United Kingdom,United Kingdom,96,3,922.12,2,3,3,8,At Risk
16552,United Kingdom,United Kingdom,243,2,379.73,1,2,2,5,Hibernating
16553,United Kingdom,United Kingdom,164,12,5719.82,1,4,4,9,At Risk
16554,United Kingdom,United Kingdom,43,3,837.1,3,3,3,9,Loyal Customers
16555,United Kingdom,United Kingdom,36,2,285.89,3,2,1,6,Potential Loyalists
16556,United Kingdom,United Kingdom,67,7,3313.79,2,4,4,10,At Risk
16557,United Kingdom,United Kingdom,25,2,281.85,3,2,1,6,Potential Loyalists
16558,United Kingdom,United Kingdom,1,20,8338.49,4,4,4,12,Champions
16560,United Kingdom,United Kingdom,27,2,841.41,3,2,3,8,Potential Loyalists
16561,United Kingdom,United Kingdom,6,2,511.12,4,2,2,8,Potential Loyalists
16563,United Kingdom,United Kingdom,54,1,1077.74,2,1,3,6,Needs Attention
16565,United Kingdom,United Kingdom,365,1,173.7,1,1,1,3,Hibernating
16566,United Kingdom,United Kingdom,16,5,614.66,4,3,2,9,Loyal Customers
16567,United Kingdom,United Kingdom,195,2,865.6,1,2,3,6,Hibernating
16569,United Kingdom,United Kingdom,4,1,124.2,4,1,1,6,Potential Loyalists
16570,United Kingdom,United Kingdom,16,10,3738.4,4,4,4,12,Champions
16571,United Kingdom,United Kingdom,27,3,1421.69,3,3,3,9,Loyal Customers
16572,United Kingdom,United Kingdom,128,3,1009.6,2,3,3,8,At Risk
16573,United Kingdom,United Kingdom,85,2,663.61,2,2,2,6,Needs Attention
16574,United Kingdom,United Kingdom,72,1,451.44,2,1,2,5,Needs Attention
16581,United Kingdom,United Kingdom,183,1,105.84,1,1,1,3,Hibernating
16582,United Kingdom,United Kingdom,114,1,313.62,2,1,2,5,Needs Attention
16583,United Kingdom,United Kingdom,374,1,233.45,1,1,1,3,Hibernating
16584,United Kingdom,United Kingdom,81,2,936.08,2,2,3,7,Needs Attention
16586,United Kingdom,United Kingdom,249,1,463.95,1,1,2,4,Hibernating
16587,United Kingdom,United Kingdom,233,1,225.15,1,1,1,3,Hibernating
16589,United Kingdom,United Kingdom,72,3,459.24,2,3,2,7,At Risk
16591,United Kingdom,United Kingdom,69,1,213.5,2,1,1,4,Needs Attention
16592,United Kingdom,United Kingdom,5,16,4113.68,4,4,4,12,Champions
16593,United Kingdom,United Kingdom,51,3,330.03,3,3,2,8,Loyal Customers
16594,United Kingdom,United Kingdom,76,1,181.09,2,1,1,4,Needs Attention
16595,United Kingdom,United Kingdom,62,1,360.16,2,1,2,5,Needs Attention
16596,United Kingdom,United Kingdom,16,2,250.15,4,2,1,7,Potential Loyalists
16597,United Kingdom,United Kingdom,5,1,90.04,4,1,1,6,Potential Loyalists
16598,United Kingdom,United Kingdom,286,1,145.04999999999998,1,1,1,3,Hibernating
16600,United Kingdom,United Kingdom,5,6,813.52,4,4,3,11,Champions
16601,United Kingdom,United Kingdom,41,1,242.7,3,1,1,5,Potential Loyalists
16602,United Kingdom,United Kingdom,37,1,528.08,3,1,2,6,Potential Loyalists
16603,United Kingdom,United Kingdom,75,2,482.47,2,2,2,6,Needs Attention
16607,United Kingdom,United Kingdom,18,14,3347.71,4,4,4,12,Champions
16609,United Kingdom,United Kingdom,16,7,5493.46,4,4,4,12,Champions
16610,United Kingdom,United Kingdom,220,1,75.66,1,1,1,3,Hibernating
16611,United Kingdom,United Kingdom,187,1,129.49,1,1,1,3,Hibernating
16612,United Kingdom,United Kingdom,33,4,1187.66,3,3,3,9,Loyal Customers
16613,United Kingdom,United Kingdom,71,1,618.59,2,1,2,5,Needs Attention
16614,United Kingdom,United Kingdom,183,1,506.19,1,1,2,4,Hibernating
16616,United Kingdom,United Kingdom,16,2,500.42,4,2,2,8,Potential Loyalists
16617,United Kingdom,United Kingdom,236,1,151.85,1,1,1,3,Hibernating
16618,United Kingdom,United Kingdom,32,5,2647.59,3,3,4,10,Loyal Customers
16619,United Kingdom,United Kingdom,264,1,226.21,1,1,1,3,Hibernating
16620,United Kingdom,United Kingdom,4,2,178.96,4,2,1,7,Potential Loyalists
16621,United Kingdom,United Kingdom,52,4,813.48,2,3,3,8,At Risk
16623,United Kingdom,United Kingdom,246,1,129.45,1,1,1,3,Hibernating
16624,United Kingdom,United Kingdom,81,2,810.5699999999999,2,2,3,7,Needs Attention
16625,United Kingdom,United Kingdom,275,1,333.08,1,1,2,4,Hibernating
16626,United Kingdom,United Kingdom,1,17,4413.1,4,4,4,12,Champions
16627,United Kingdom,United Kingdom,80,1,322.8,2,1,2,5,Needs Attention
16628,United Kingdom,United Kingdom,30,5,2188.05,3,3,4,10,Loyal Customers
16629,United Kingdom,United Kingdom,74,2,408.63,2,2,2,6,Needs Attention
16633,United Kingdom,United Kingdom,18,6,2883.1,4,4,4,12,Champions
16634,United Kingdom,United Kingdom,223,2,217.9,1,2,1,4,Hibernating
16637,United Kingdom,United Kingdom,33,4,1154.47,3,3,3,9,Loyal Customers
16638,United Kingdom,United Kingdom,23,10,1680.72,3,4,4,11,Loyal Customers
16639,United Kingdom,United Kingdom,32,3,1257.51,3,3,3,9,Loyal Customers
16641,United Kingdom,United Kingdom,106,1,231.10000000000002,2,1,1,4,Needs Attention
16642,United Kingdom,United Kingdom,5,2,688.33,4,2,3,9,Potential Loyalists
16643,United Kingdom,United Kingdom,246,1,487.51,1,1,2,4,Hibernating
16644,United Kingdom,United Kingdom,178,2,833.78,1,2,3,6,Hibernating
16647,United Kingdom,United Kingdom,170,2,214.06,1,2,1,4,Hibernating
16648,United Kingdom,United Kingdom,43,1,290.65999999999997,3,1,1,5,Potential Loyalists
16650,United Kingdom,United Kingdom,72,1,518.42,2,1,2,5,Needs Attention
16652,United Kingdom,United Kingdom,59,7,6773.97,2,4,4,10,At Risk
16653,United Kingdom,United Kingdom,17,2,1212.66,4,2,3,9,Potential Loyalists
16654,United Kingdom,United Kingdom,142,4,601.27,2,3,2,7,At Risk
16655,United Kingdom,United Kingdom,18,6,3789.52,4,4,4,12,Champions
16656,United Kingdom,United Kingdom,23,15,8625.8,3,4,4,11,Loyal Customers
16657,United Kingdom,United Kingdom,10,4,874.43,4,3,3,10,Loyal Customers
16658,United Kingdom,United Kingdom,369,1,123.24,1,1,1,3,Hibernating
16659,United Kingdom,United Kingdom,190,1,39.12,1,1,1,3,Hibernating
16660,United Kingdom,United Kingdom,17,4,1267.6499999999999,4,3,3,10,Loyal Customers
16665,United Kingdom,United Kingdom,363,1,135.39999999999998,1,1,1,3,Hibernating
16666,United Kingdom,United Kingdom,20,1,118.98,3,1,1,5,Potential Loyalists
16667,United Kingdom,United Kingdom,69,2,567.1800000000001,2,2,2,6,Needs Attention
16668,United Kingdom,United Kingdom,16,6,306.71999999999997,4,4,2,10,Champions
16669,United Kingdom,United Kingdom,24,3,1348.88,3,3,3,9,Loyal Customers
16670,United Kingdom,United Kingdom,17,11,4095.9,4,4,4,12,Champions
16671,United Kingdom,United Kingdom,29,3,1692.27,3,3,4,10,Loyal Customers
16672,United Kingdom,United Kingdom,3,20,8134.9400000000005,4,4,4,12,Champions
16674,United Kingdom,United Kingdom,55,2,304.24,2,2,1,5,Needs Attention
16676,United Kingdom,United Kingdom,34,4,1592.1200000000001,3,3,3,9,Loyal Customers
16678,United Kingdom,United Kingdom,3,12,3109.99,4,4,4,12,Champions
16679,United Kingdom,United Kingdom,367,1,129.75,1,1,1,3,Hibernating
16680,United Kingdom,United Kingdom,44,1,183.7,3,1,1,5,Potential Loyalists
16681,United Kingdom,United Kingdom,73,6,1770.34,2,4,4,10,At Risk
16682,United Kingdom,United Kingdom,5,5,1028.0,4,3,3,10,Loyal Customers
16684,United Kingdom,United Kingdom,5,28,66653.56,4,4,4,12,Champions
16685,United Kingdom,United Kingdom,62,2,324.24,2,2,2,6,Needs Attention
16686,United Kingdom,United Kingdom,48,7,2959.88,3,4,4,11,Loyal Customers
16688,United Kingdom,United Kingdom,2,4,1260.86,4,3,3,10,Loyal Customers
16689,United Kingdom,United Kingdom,76,2,422.59999999999997,2,2,2,6,Needs Attention
16690,United Kingdom,United Kingdom,73,2,225.57999999999998,2,2,1,5,Needs Attention
16692,United Kingdom,United Kingdom,257,2,1276.0,1,2,3,6,Hibernating
16693,United Kingdom,United Kingdom,69,2,477.86,2,2,2,6,Needs Attention
16696,United Kingdom,United Kingdom,136,4,657.9000000000001,2,3,2,7,At Risk
16697,United Kingdom,United Kingdom,242,1,112.75,1,1,1,3,Hibernating
16698,United Kingdom,United Kingdom,227,2,1998.0,1,2,4,7,Hibernating
16700,United Kingdom,United Kingdom,9,13,5076.55,4,4,4,12,Champions
16701,United Kingdom,United Kingdom,9,13,5398.3,4,4,4,12,Champions
16705,United Kingdom,United Kingdom,1,20,14034.99,4,4,4,12,Champions
16706,United Kingdom,United Kingdom,38,3,531.35,3,3,2,8,Loyal Customers
16708,United Kingdom,United Kingdom,46,1,656.63,3,1,2,6,Potential Loyalists
16709,United Kingdom,United Kingdom,85,5,3029.87,2,3,4,9,At Risk
16710,United Kingdom,United Kingdom,20,10,2467.99,3,4,4,11,Loyal Customers
16711,United Kingdom,United Kingdom,4,5,1651.03,4,3,3,10,Loyal Customers
16712,United Kingdom,United Kingdom,10,11,3611.31,4,4,4,12,Champions
16713,United Kingdom,United Kingdom,19,15,6910.78,3,4,4,11,Loyal Customers
16714,United Kingdom,United Kingdom,219,3,1129.06,1,3,3,7,At Risk
16715,United Kingdom,United Kingdom,79,1,301.71999999999997,2,1,1,4,Needs Attention
16716,United Kingdom,United Kingdom,267,2,901.2,1,2,3,6,Hibernating
16717,United Kingdom,United Kingdom,24,6,3843.08,3,4,4,11,Loyal Customers
16718,United Kingdom,United Kingdom,370,1,606.0500000000001,1,1,2,4,Hibernating
16719,United Kingdom,United Kingdom,15,7,1770.22,4,4,4,12,Champions
16720,United Kingdom,United Kingdom,27,1,152.95,3,1,1,5,Potential Loyalists
16721,United Kingdom,United Kingdom,263,1,292.47,1,1,1,3,Hibernating
16722,United Kingdom,United Kingdom,18,13,4730.81,4,4,4,12,Champions
16723,United Kingdom,United Kingdom,92,2,576.4,2,2,2,6,Needs Attention
16725,United Kingdom,United Kingdom,303,7,758.27,1,4,3,8,At Risk
16726,United Kingdom,United Kingdom,27,5,1358.74,3,3,3,9,Loyal Customers
16727,United Kingdom,United Kingdom,365,1,256.32,1,1,1,3,Hibernating
16728,United Kingdom,United Kingdom,47,4,1048.28,3,3,3,9,Loyal Customers
16729,United Kingdom,United Kingdom,39,21,7205.33,3,4,4,11,Loyal Customers
16730,United Kingdom,United Kingdom,53,3,743.11,2,3,3,8,At Risk
16732,United Kingdom,United Kingdom,32,1,603.75,3,1,2,6,Potential Loyalists
16734,United Kingdom,United Kingdom,53,3,646.76,2,3,2,7,At Risk
16735,United Kingdom,United Kingdom,79,5,2247.41,2,3,4,9,At Risk
16737,United Kingdom,United Kingdom,54,1,417.59999999999997,2,1,2,5,Needs Attention
16738,United Kingdom,United Kingdom,298,1,3.75,1,1,1,3,Hibernating
16739,United Kingdom,United Kingdom,177,1,323.0,1,1,2,4,Hibernating
16742,United Kingdom,United Kingdom,47,1,464.9,3,1,2,6,Potential Loyalists
16743,United Kingdom,United Kingdom,30,7,2213.13,3,4,4,11,Loyal Customers
16744,United Kingdom,United Kingdom,12,7,1291.91,4,4,3,11,Champions
16745,United Kingdom,United Kingdom,87,17,7180.7,2,4,4,10,At Risk
16746,United Kingdom,United Kingdom,5,18,6680.11,4,4,4,12,Champions
16747,United Kingdom,United Kingdom,38,2,836.06,3,2,3,8,Potential Loyalists
16748,United Kingdom,United Kingdom,18,5,1515.9,4,3,3,10,Loyal Customers
16750,United Kingdom,United Kingdom,45,5,623.93,3,3,2,8,Loyal Customers
16751,United Kingdom,United Kingdom,31,1,1764.72,3,1,4,8,Potential Loyalists
16752,United Kingdom,United Kingdom,373,1,207.5,1,1,1,3,Hibernating
16753,United Kingdom,United Kingdom,59,1,223.92000000000002,2,1,1,4,Needs Attention
16754,United Kingdom,United Kingdom,373,1,2002.4,1,1,4,6,Hibernating
16755,United Kingdom,United Kingdom,115,3,1475.43,2,3,3,8,At Risk
16756,United Kingdom,United Kingdom,215,1,239.4,1,1,1,3,Hibernating
16757,United Kingdom,United Kingdom,319,1,106.83000000000001,1,1,1,3,Hibernating
16758,United Kingdom,United Kingdom,66,1,369.34000000000003,2,1,2,5,Needs Attention
16759,United Kingdom,United Kingdom,8,3,789.79,4,3,3,10,Loyal Customers
16761,United Kingdom,United Kingdom,97,1,316.62,2,1,2,5,Needs Attention
16762,United Kingdom,United Kingdom,20,3,1207.24,3,3,3,9,Loyal Customers
16763,United Kingdom,United Kingdom,199,1,611.85,1,1,2,4,Hibernating
16764,United Kingdom,United Kingdom,4,13,2790.9500000000003,4,4,4,12,Champions
16765,United Kingdom,United Kingdom,295,1,34.0,1,1,1,3,Hibernating
16766,United Kingdom,United Kingdom,274,2,1145.6,1,2,3,6,Hibernating
16767,United Kingdom,United Kingdom,31,11,5575.56,3,4,4,11,Loyal Customers
16768,United Kingdom,United Kingdom,48,3,478.09000000000003,3,3,2,8,Loyal Customers
16769,United Kingdom,United Kingdom,261,1,361.54,1,1,2,4,Hibernating
16770,United Kingdom,United Kingdom,58,5,757.1,2,3,3,8,At Risk
16771,United Kingdom,United Kingdom,34,5,2242.61,3,3,4,10,Loyal Customers
16773,United Kingdom,United Kingdom,58,1,171.59,2,1,1,4,Needs Attention
16774,United Kingdom,United Kingdom,68,4,661.52,2,3,2,7,At Risk
16775,United Kingdom,United Kingdom,11,11,1691.51,4,4,4,12,Champions
16776,United Kingdom,United Kingdom,61,1,371.54,2,1,2,5,Needs Attention
16777,United Kingdom,United Kingdom,81,2,222.62,2,2,1,5,Needs Attention
16778,United Kingdom,United Kingdom,75,2,245.94,2,2,1,5,Needs Attention
16779,United Kingdom,United Kingdom,3,22,10611.720000000001,4,4,4,12,Champions
16780,United Kingdom,United Kingdom,101,2,422.24,2,2,2,6,Needs Attention
16781,United Kingdom,United Kingdom,373,1,311.25,1,1,2,4,Hibernating
16782,United Kingdom,United Kingdom,11,13,2267.9500000000003,4,4,4,12,Champions
16784,United Kingdom,United Kingdom,20,1,107.6,3,1,1,5,Potential Loyalists
16788,United Kingdom,United Kingdom,124,2,594.39,2,2,2,6,Needs Attention
16789,United Kingdom,United Kingdom,9,1,80.8,4,1,1,6,Potential Loyalists
16790,United Kingdom,United Kingdom,4,6,1545.6200000000001,4,4,3,11,Champions
16791,United Kingdom,United Kingdom,30,7,1705.78,3,4,4,11,Loyal Customers
16792,United Kingdom,United Kingdom,283,2,110.38000000000001,1,2,1,4,Hibernating
16793,United Kingdom,United Kingdom,58,1,243.84,2,1,1,4,Needs Attention
16794,United Kingdom,United Kingdom,2,10,1196.5,4,4,3,11,Champions
16795,United Kingdom,United Kingdom,366,1,414.88,1,1,2,4,Hibernating
16796,United Kingdom,United Kingdom,90,1,305.62,2,1,1,4,Needs Attention
16800,United Kingdom,United Kingdom,12,1,1162.65,4,1,3,8,Potential Loyalists
16801,United Kingdom,United Kingdom,164,4,1594.23,1,3,3,7,At Risk
16803,United Kingdom,United Kingdom,66,1,332.3,2,1,2,5,Needs Attention
16804,United Kingdom,United Kingdom,24,3,536.99,3,3,2,8,Loyal Customers
16805,United Kingdom,United Kingdom,174,2,460.59,1,2,2,5,Hibernating
16806,United Kingdom,United Kingdom,104,4,762.16,2,3,3,8,At Risk
16807,United Kingdom,United Kingdom,143,3,1121.59,1,3,3,7,At Risk
16808,United Kingdom,United Kingdom,100,2,288.42,2,2,1,5,Needs Attention
16809,United Kingdom,United Kingdom,24,5,914.69,3,3,3,9,Loyal Customers
16810,United Kingdom,United Kingdom,193,1,309.54,1,1,2,4,Hibernating
16811,United Kingdom,United Kingdom,5,2,547.07,4,2,2,8,Potential Loyalists
16812,United Kingdom,United Kingdom,361,1,479.35,1,1,2,4,Hibernating
16813,United Kingdom,United Kingdom,9,10,1652.18,4,4,3,11,Champions
16814,United Kingdom,United Kingdom,15,21,6416.7,4,4,4,12,Champions
16816,United Kingdom,United Kingdom,104,4,417.06,2,3,2,7,At Risk
16817,United Kingdom,United Kingdom,3,9,1604.75,4,4,3,11,Champions
16818,United Kingdom,United Kingdom,11,11,3349.57,4,4,4,12,Champions
16820,United Kingdom,United Kingdom,96,1,497.61,2,1,2,5,Needs Attention
16823,United Kingdom,United Kingdom,228,1,358.38,1,1,2,4,Hibernating
16824,United Kingdom,United Kingdom,16,2,460.64,4,2,2,8,Potential Loyalists
16825,United Kingdom,United Kingdom,39,2,775.1800000000001,3,2,3,8,Potential Loyalists
16826,United Kingdom,United Kingdom,52,1,341.7,2,1,2,5,Needs Attention
16828,United Kingdom,United Kingdom,94,2,128.5,2,2,1,5,Needs Attention
16829,United Kingdom,United Kingdom,157,1,197.22,1,1,1,3,Hibernating
16830,United Kingdom,United Kingdom,39,1,325.91,3,1,2,6,Potential Loyalists
16832,United Kingdom,United Kingdom,185,3,199.15,1,3,1,5,At Risk
16833,United Kingdom,United Kingdom,2,4,1106.53,4,3,3,10,Loyal Customers
16834,United Kingdom,United Kingdom,228,1,413.46,1,1,2,4,Hibernating
16835,United Kingdom,United Kingdom,129,2,180.85,2,2,1,5,Needs Attention
16836,United Kingdom,United Kingdom,40,2,251.87,3,2,1,6,Potential Loyalists
16837,United Kingdom,United Kingdom,32,11,3170.98,3,4,4,11,Loyal Customers
16838,United Kingdom,United Kingdom,198,2,588.85,1,2,2,5,Hibernating
16839,United Kingdom,United Kingdom,9,34,16594.35,4,4,4,12,Champions
16841,United Kingdom,United Kingdom,37,6,1869.82,3,4,4,11,Loyal Customers
16842,United Kingdom,United Kingdom,101,3,1264.19,2,3,3,8,At Risk
16843,United Kingdom,United Kingdom,43,16,10196.57,3,4,4,11,Loyal Customers
16846,United Kingdom,United Kingdom,51,1,214.32,3,1,1,5,Potential Loyalists
16847,United Kingdom,United Kingdom,44,1,193.44,3,1,1,5,Potential Loyalists
16848,United Kingdom,United Kingdom,53,1,281.42,2,1,1,4,Needs Attention
16849,United Kingdom,United Kingdom,187,1,124.57,1,1,1,3,Hibernating
16850,United Kingdom,United Kingdom,334,1,332.41,1,1,2,4,Hibernating
16851,United Kingdom,United Kingdom,5,3,342.45,4,3,2,9,Loyal Customers
16852,United Kingdom,United Kingdom,11,2,144.91000000000003,4,2,1,7,Potential Loyalists
16855,United Kingdom,United Kingdom,24,2,328.4,3,2,2,7,Potential Loyalists
16856,United Kingdom,United Kingdom,15,1,35.400000000000006,4,1,1,6,Potential Loyalists
16858,United Kingdom,United Kingdom,369,1,375.69000000000005,1,1,2,4,Hibernating
16859,United Kingdom,United Kingdom,145,2,747.81,1,2,3,6,Hibernating
16861,United Kingdom,United Kingdom,60,2,173.76,2,2,1,5,Needs Attention
16863,United Kingdom,United Kingdom,32,2,502.8,3,2,2,7,Potential Loyalists
16866,United Kingdom,United Kingdom,141,3,207.73999999999998,2,3,1,6,At Risk
16869,United Kingdom,United Kingdom,23,4,817.12,3,3,3,9,Loyal Customers
16871,United Kingdom,United Kingdom,23,6,2812.34,3,4,4,11,Loyal Customers
16872,United Kingdom,United Kingdom,78,3,680.02,2,3,3,8,At Risk
16873,United Kingdom,United Kingdom,5,6,7123.62,4,4,4,12,Champions
16875,United Kingdom,United Kingdom,68,5,2095.53,2,3,4,9,At Risk
16877,United Kingdom,United Kingdom,13,6,846.62,4,4,3,11,Champions
16878,United Kingdom,United Kingdom,85,1,13.3,2,1,1,4,Needs Attention
16880,United Kingdom,United Kingdom,31,7,1491.43,3,4,3,10,Loyal Customers
16881,United Kingdom,United Kingdom,67,1,432.0,2,1,2,5,Needs Attention
16882,United Kingdom,United Kingdom,67,3,705.12,2,3,3,8,At Risk
16883,United Kingdom,United Kingdom,188,2,272.48,1,2,1,4,Hibernating
16884,United Kingdom,United Kingdom,38,2,429.84000000000003,3,2,2,7,Potential Loyalists
16885,United Kingdom,United Kingdom,16,3,450.41,4,3,2,9,Loyal Customers
16887,United Kingdom,United Kingdom,36,1,192.32999999999998,3,1,1,5,Potential Loyalists
16889,United Kingdom,United Kingdom,195,3,1578.67,1,3,3,7,At Risk
16891,United Kingdom,United Kingdom,2,5,742.43,4,3,3,10,Loyal Customers
16892,United Kingdom,United Kingdom,2,5,518.19,4,3,2,9,Loyal Customers
16893,United Kingdom,United Kingdom,367,1,145.93,1,1,1,3,Hibernating
16895,United Kingdom,United Kingdom,65,1,202.27,2,1,1,4,Needs Attention
16897,United Kingdom,United Kingdom,300,2,289.78,1,2,1,4,Hibernating
16898,United Kingdom,United Kingdom,27,3,501.03,3,3,2,8,Loyal Customers
16899,United Kingdom,United Kingdom,8,6,1271.06,4,4,3,11,Champions
16900,United Kingdom,United Kingdom,17,3,887.11,4,3,3,10,Loyal Customers
16902,United Kingdom,United Kingdom,117,1,1706.88,2,1,4,7,Needs Attention
16903,United Kingdom,United Kingdom,30,1,363.2,3,1,2,6,Potential Loyalists
16904,United Kingdom,United Kingdom,5,16,3653.75,4,4,4,12,Champions
16905,United Kingdom,United Kingdom,6,7,3037.6,4,4,4,12,Champions
16906,United Kingdom,United Kingdom,82,4,559.59,2,3,2,7,At Risk
16907,United Kingdom,United Kingdom,30,5,928.76,3,3,3,9,Loyal Customers
16909,United Kingdom,United Kingdom,73,1,379.14,2,1,2,5,Needs Attention
16910,United Kingdom,United Kingdom,5,8,1508.96,4,4,3,11,Champions
16912,United Kingdom,United Kingdom,29,11,2555.58,3,4,4,11,Loyal Customers
16913,United Kingdom,United Kingdom,291,1,113.44,1,1,1,3,Hibernating
16914,United Kingdom,United Kingdom,37,1,183.76,3,1,1,5,Potential Loyalists
16915,United Kingdom,United Kingdom,10,6,621.6800000000001,4,4,2,10,Champions
16916,United Kingdom,United Kingdom,24,2,562.41,3,2,2,7,Potential Loyalists
16917,United Kingdom,United Kingdom,277,1,391.52,1,1,2,4,Hibernating
16918,United Kingdom,United Kingdom,50,6,1068.82,3,4,3,10,Loyal Customers
16919,United Kingdom,United Kingdom,157,11,2592.25,1,4,4,9,At Risk
16921,United Kingdom,United Kingdom,62,1,154.18,2,1,1,4,Needs Attention
16923,United Kingdom,United Kingdom,13,19,7069.08,4,4,4,12,Champions
16924,United Kingdom,United Kingdom,22,3,829.89,3,3,3,9,Loyal Customers
16926,United Kingdom,United Kingdom,372,1,230.25,1,1,1,3,Hibernating
16927,United Kingdom,United Kingdom,116,3,543.05,2,3,2,7,At Risk
16928,United Kingdom,United Kingdom,81,17,2814.7,2,4,4,10,At Risk
16929,United Kingdom,United Kingdom,4,7,1295.39,4,4,3,11,Champions
16930,United Kingdom,United Kingdom,27,3,378.89,3,3,2,8,Loyal Customers
16931,United Kingdom,United Kingdom,6,21,4554.87,4,4,4,12,Champions
16932,United Kingdom,United Kingdom,54,1,150.23000000000002,2,1,1,4,Needs Attention
16933,United Kingdom,United Kingdom,2,2,563.23,4,2,2,8,Potential Loyalists
16934,United Kingdom,United Kingdom,55,2,931.03,2,2,3,7,Needs Attention
16936,United Kingdom,United Kingdom,26,1,261.9,3,1,1,5,Potential Loyalists
16938,United Kingdom,United Kingdom,9,4,2711.6800000000003,4,3,4,11,Loyal Customers
16940,United Kingdom,United Kingdom,53,3,3049.88,2,3,4,9,At Risk
16942,United Kingdom,United Kingdom,13,9,1904.99,4,4,4,12,Champions
16943,United Kingdom,United Kingdom,212,3,816.73,1,3,3,7,At Risk
16945,United Kingdom,United Kingdom,22,19,4345.5,3,4,4,11,Loyal Customers
16947,United Kingdom,United Kingdom,236,1,406.48,1,1,2,4,Hibernating
16948,United Kingdom,United Kingdom,139,3,435.02,2,3,2,7,At Risk
16949,United Kingdom,United Kingdom,4,6,1286.27,4,4,3,11,Champions
16950,United Kingdom,United Kingdom,57,3,1178.56,2,3,3,8,At Risk
16951,United Kingdom,United Kingdom,135,3,1277.75,2,3,3,8,At Risk
16952,United Kingdom,United Kingdom,110,2,167.61,2,2,1,5,Needs Attention
16953,United Kingdom,United Kingdom,31,1,20.8,3,1,1,5,Potential Loyalists
16954,United Kingdom,United Kingdom,1,9,2085.08,4,4,4,12,Champions
16955,United Kingdom,United Kingdom,185,4,518.67,1,3,2,6,At Risk
16956,United Kingdom,United Kingdom,18,1,308.74,4,1,2,7,Potential Loyalists
16957,United Kingdom,United Kingdom,240,2,416.64,1,2,2,5,Hibernating
16959,United Kingdom,United Kingdom,88,1,117.35000000000001,2,1,1,4,Needs Attention
16960,United Kingdom,United Kingdom,39,3,507.05,3,3,2,8,Loyal Customers
16961,United Kingdom,United Kingdom,117,1,234.17,2,1,1,4,Needs Attention
16963,United Kingdom,United Kingdom,188,1,110.55000000000001,1,1,1,3,Hibernating
16965,United Kingdom,United Kingdom,227,1,201.19,1,1,1,3,Hibernating
16966,United Kingdom,United Kingdom,9,7,2154.97,4,4,4,12,Champions
16967,United Kingdom,United Kingdom,190,1,319.02,1,1,2,4,Hibernating
16968,United Kingdom,United Kingdom,5,2,439.43,4,2,2,8,Potential Loyalists
16969,United Kingdom,United Kingdom,40,3,650.41,3,3,2,8,Loyal Customers
16971,United Kingdom,United Kingdom,39,1,357.21,3,1,2,6,Potential Loyalists
16976,United Kingdom,United Kingdom,268,1,251.51999999999998,1,1,1,3,Hibernating
16978,United Kingdom,United Kingdom,78,1,344.33,2,1,2,5,Needs Attention
16979,United Kingdom,United Kingdom,4,6,1852.0,4,4,4,12,Champions
16980,United Kingdom,United Kingdom,256,2,1028.46,1,2,3,6,Hibernating
16982,United Kingdom,United Kingdom,61,1,384.06,2,1,2,5,Needs Attention
16983,United Kingdom,United Kingdom,13,7,1905.87,4,4,4,12,Champions
16984,United Kingdom,United Kingdom,89,2,4459.52,2,2,4,8,Needs Attention
16985,United Kingdom,United Kingdom,18,10,5464.12,4,4,4,12,Champions
16986,United Kingdom,United Kingdom,30,2,1873.2,3,2,4,9,Potential Loyalists
16987,United Kingdom,United Kingdom,4,7,1616.8,4,4,3,11,Champions
16988,United Kingdom,United Kingdom,6,1,126.12,4,1,1,6,Potential Loyalists
16989,United Kingdom,United Kingdom,8,6,1133.25,4,4,3,11,Champions
16990,United Kingdom,United Kingdom,219,1,179.0,1,1,1,3,Hibernating
16992,United Kingdom,United Kingdom,11,5,1614.31,4,3,3,10,Loyal Customers
16996,United Kingdom,United Kingdom,31,6,1456.96,3,4,3,10,Loyal Customers
16997,United Kingdom,United Kingdom,289,3,702.0,1,3,3,7,At Risk
16998,United Kingdom,United Kingdom,150,4,295.0,1,3,1,5,At Risk
16999,United Kingdom,United Kingdom,24,2,484.82,3,2,2,7,Potential Loyalists
17001,United Kingdom,United Kingdom,1,11,3989.57,4,4,4,12,Champions
17002,United Kingdom,United Kingdom,86,3,1493.73,2,3,3,8,At Risk
17004,United Kingdom,United Kingdom,47,2,1312.1399999999999,3,2,3,8,Potential Loyalists
17006,United Kingdom,United Kingdom,5,4,781.78,4,3,3,10,Loyal Customers
17007,United Kingdom,United Kingdom,51,6,889.9300000000001,3,4,3,10,Loyal Customers
17010,United Kingdom,United Kingdom,19,1,195.36,3,1,1,5,Potential Loyalists
17011,United Kingdom,United Kingdom,31,1,270.9,3,1,1,5,Potential Loyalists
17014,United Kingdom,United Kingdom,9,3,583.4300000000001,4,3,2,9,Loyal Customers
17015,United Kingdom,United Kingdom,29,3,1838.6100000000001,3,3,4,10,Loyal Customers
17017,United Kingdom,United Kingdom,3,20,8694.26,4,4,4,12,Champions
17018,United Kingdom,United Kingdom,41,2,920.1,3,2,3,8,Potential Loyalists
17019,United Kingdom,United Kingdom,12,4,1258.08,4,3,3,10,Loyal Customers
17022,United Kingdom,United Kingdom,32,1,71.0,3,1,1,5,Potential Loyalists
17024,United Kingdom,United Kingdom,46,3,95.85,3,3,1,7,Loyal Customers
17025,United Kingdom,United Kingdom,61,3,357.77,2,3,2,7,At Risk
17026,United Kingdom,United Kingdom,186,2,154.82999999999998,1,2,1,4,Hibernating
17027,United Kingdom,United Kingdom,79,6,877.5600000000001,2,4,3,9,At Risk
17029,United Kingdom,United Kingdom,111,2,716.0,2,2,3,7,Needs Attention
17030,United Kingdom,United Kingdom,64,1,146.87,2,1,1,4,Needs Attention
17031,United Kingdom,United Kingdom,12,2,380.35,4,2,2,8,Potential Loyalists
17033,United Kingdom,United Kingdom,87,3,1030.14,2,3,3,8,At Risk
17034,United Kingdom,United Kingdom,17,3,745.52,4,3,3,10,Loyal Customers
17035,United Kingdom,United Kingdom,246,2,433.53000000000003,1,2,2,5,Hibernating
17037,United Kingdom,United Kingdom,88,1,1267.32,2,1,3,6,Needs Attention
17038,United Kingdom,United Kingdom,31,1,112.4,3,1,1,5,Potential Loyalists
17040,United Kingdom,United Kingdom,138,1,449.73,2,1,2,5,Needs Attention
17041,United Kingdom,United Kingdom,27,3,1071.49,3,3,3,9,Loyal Customers
17042,United Kingdom,United Kingdom,3,5,1036.58,4,3,3,10,Loyal Customers
17043,United Kingdom,United Kingdom,33,4,1735.18,3,3,4,10,Loyal Customers
17044,United Kingdom,United Kingdom,26,1,948.48,3,1,3,7,Potential Loyalists
17045,United Kingdom,United Kingdom,114,3,339.44,2,3,2,7,At Risk
17046,United Kingdom,United Kingdom,158,1,642.02,1,1,2,4,Hibernating
17047,United Kingdom,United Kingdom,86,3,1100.9,2,3,3,8,At Risk
17048,United Kingdom,United Kingdom,118,3,925.35,2,3,3,8,At Risk
17049,United Kingdom,United Kingdom,3,9,5655.03,4,4,4,12,Champions
17050,United Kingdom,United Kingdom,97,6,3185.64,2,4,4,10,At Risk
17051,United Kingdom,United Kingdom,195,1,240.89000000000001,1,1,1,3,Hibernating
17052,United Kingdom,United Kingdom,29,1,399.09,3,1,2,6,Potential Loyalists
17053,United Kingdom,United Kingdom,131,1,498.48,2,1,2,5,Needs Attention
17054,United Kingdom,United Kingdom,29,5,1356.33,3,3,3,9,Loyal Customers
17058,United Kingdom,United Kingdom,82,3,1179.89,2,3,3,8,At Risk
17059,United Kingdom,United Kingdom,30,5,3080.39,3,3,4,10,Loyal Customers
17060,United Kingdom,United Kingdom,267,1,234.24,1,1,1,3,Hibernating
17061,United Kingdom,United Kingdom,74,11,5232.2300000000005,2,4,4,10,At Risk
17062,United Kingdom,United Kingdom,314,4,533.33,1,3,2,6,At Risk
17063,United Kingdom,United Kingdom,22,7,1461.14,3,4,3,10,Loyal Customers
17064,United Kingdom,United Kingdom,59,3,855.45,2,3,3,8,At Risk
17068,United Kingdom,United Kingdom,13,21,4552.14,4,4,4,12,Champions
17069,United Kingdom,United Kingdom,29,9,2709.7000000000003,3,4,4,11,Loyal Customers
17070,United Kingdom,United Kingdom,115,1,304.24,2,1,1,4,Needs Attention
17071,United Kingdom,United Kingdom,29,9,2429.03,3,4,4,11,Loyal Customers
17073,United Kingdom,United Kingdom,18,4,1446.09,4,3,3,10,Loyal Customers
17075,United Kingdom,United Kingdom,18,4,834.12,4,3,3,10,Loyal Customers
17076,United Kingdom,United Kingdom,37,3,841.0799999999999,3,3,3,9,Loyal Customers
17078,United Kingdom,United Kingdom,37,2,378.2,3,2,2,7,Potential Loyalists
17079,United Kingdom,United Kingdom,79,1,118.80000000000001,2,1,1,4,Needs Attention
17080,United Kingdom,United Kingdom,23,2,287.62,3,2,1,6,Potential Loyalists
17081,United Kingdom,United Kingdom,26,2,288.91,3,2,1,6,Potential Loyalists
17082,United Kingdom,United Kingdom,34,2,2003.85,3,2,4,9,Potential Loyalists
17083,United Kingdom,United Kingdom,110,3,1405.78,2,3,3,8,At Risk
17084,United Kingdom,United Kingdom,36,2,2747.9900000000002,3,2,4,9,Potential Loyalists
17085,United Kingdom,United Kingdom,124,5,1562.4,2,3,3,8,At Risk
17086,United Kingdom,United Kingdom,8,6,2050.08,4,4,4,12,Champions
17088,United Kingdom,United Kingdom,29,4,1991.01,3,3,4,10,Loyal Customers
17090,United Kingdom,United Kingdom,5,7,1974.65,4,4,4,12,Champions
17091,United Kingdom,United Kingdom,3,9,3827.76,4,4,4,12,Champions
17092,United Kingdom,United Kingdom,51,4,1774.03,3,3,4,10,Loyal Customers
17094,United Kingdom,United Kingdom,323,1,302.0,1,1,1,3,Hibernating
17095,United Kingdom,United Kingdom,23,3,1324.16,3,3,3,9,Loyal Customers
17096,United Kingdom,United Kingdom,16,4,1022.13,4,3,3,10,Loyal Customers
17097,Spain,International,3,8,954.42,4,4,3,11,Champions
17100,United Kingdom,United Kingdom,19,2,971.74,3,2,3,8,Potential Loyalists
17101,United Kingdom,United Kingdom,11,4,1621.73,4,3,3,10,Loyal Customers
17102,United Kingdom,United Kingdom,262,1,25.5,1,1,1,3,Hibernating
17105,United Kingdom,United Kingdom,160,2,665.78,1,2,2,5,Hibernating
17107,United Kingdom,United Kingdom,34,6,10797.48,3,4,4,11,Loyal Customers
17109,United Kingdom,United Kingdom,30,6,881.29,3,4,3,10,Loyal Customers
17110,United Kingdom,United Kingdom,166,1,163.29999999999998,1,1,1,3,Hibernating
17111,United Kingdom,United Kingdom,48,1,231.61,3,1,1,5,Potential Loyalists
17114,United Kingdom,United Kingdom,6,8,801.12,4,4,3,11,Champions
17115,United Kingdom,United Kingdom,9,3,837.5,4,3,3,10,Loyal Customers
17117,United Kingdom,United Kingdom,289,1,116.19999999999999,1,1,1,3,Hibernating
17118,United Kingdom,United Kingdom,318,1,157.02,1,1,1,3,Hibernating
17119,United Kingdom,United Kingdom,4,2,606.91,4,2,2,8,Potential Loyalists
17120,United Kingdom,United Kingdom,234,1,307.46,1,1,2,4,Hibernating
17122,United Kingdom,United Kingdom,120,1,138.32,2,1,1,4,Needs Attention
17123,United Kingdom,United Kingdom,162,1,345.29999999999995,1,1,2,4,Hibernating
17124,United Kingdom,United Kingdom,186,1,294.24,1,1,1,3,Hibernating
17125,United Kingdom,United Kingdom,51,1,230.5,3,1,1,5,Potential Loyalists
17126,United Kingdom,United Kingdom,153,5,989.45,1,3,3,7,At Risk
17128,United Kingdom,United Kingdom,335,1,157.09,1,1,1,3,Hibernating
17131,United Kingdom,United Kingdom,6,5,2463.17,4,3,4,11,Loyal Customers
17133,United Kingdom,United Kingdom,16,7,4892.240000000001,4,4,4,12,Champions
17134,United Kingdom,United Kingdom,107,2,413.2,2,2,2,6,Needs Attention
17135,United Kingdom,United Kingdom,17,7,1139.73,4,4,3,11,Champions
17138,United Kingdom,United Kingdom,276,1,380.5,1,1,2,4,Hibernating
17139,United Kingdom,United Kingdom,16,12,10650.77,4,4,4,12,Champions
17140,United Kingdom,United Kingdom,248,1,454.12,1,1,2,4,Hibernating
17142,United Kingdom,United Kingdom,240,1,579.0,1,1,2,4,Hibernating
17144,United Kingdom,United Kingdom,2,2,984.57,4,2,3,9,Potential Loyalists
17146,United Kingdom,United Kingdom,106,3,749.78,2,3,3,8,At Risk
17147,United Kingdom,United Kingdom,23,4,1714.59,3,3,4,10,Loyal Customers
17148,United Kingdom,United Kingdom,52,1,124.88,2,1,1,4,Needs Attention
17152,United Kingdom,United Kingdom,195,3,1689.5,1,3,4,8,At Risk
17153,United Kingdom,United Kingdom,25,1,213.78,3,1,1,5,Potential Loyalists
17154,United Kingdom,United Kingdom,76,1,329.34,2,1,2,5,Needs Attention
17155,United Kingdom,United Kingdom,18,2,251.70000000000002,4,2,1,7,Potential Loyalists
17157,United Kingdom,United Kingdom,8,2,319.0,4,2,2,8,Potential Loyalists
17158,United Kingdom,United Kingdom,33,3,1266.97,3,3,3,9,Loyal Customers
17159,United Kingdom,United Kingdom,22,3,1538.88,3,3,3,9,Loyal Customers
17160,United Kingdom,United Kingdom,32,6,3518.03,3,4,4,11,Loyal Customers
17162,United Kingdom,United Kingdom,29,10,1715.46,3,4,4,11,Loyal Customers
17163,United Kingdom,United Kingdom,22,2,293.1,3,2,1,6,Potential Loyalists
17164,United Kingdom,United Kingdom,33,7,2467.35,3,4,4,11,Loyal Customers
17165,United Kingdom,United Kingdom,285,1,158.68,1,1,1,3,Hibernating
17166,United Kingdom,United Kingdom,39,2,206.34,3,2,1,6,Potential Loyalists
17169,United Kingdom,United Kingdom,58,2,835.78,2,2,3,7,Needs Attention
17171,United Kingdom,United Kingdom,290,1,224.91,1,1,1,3,Hibernating
17172,United Kingdom,United Kingdom,79,1,317.76,2,1,2,5,Needs Attention
17173,United Kingdom,United Kingdom,6,8,3766.6,4,4,4,12,Champions
17174,United Kingdom,United Kingdom,218,1,59.9,1,1,1,3,Hibernating
17175,United Kingdom,United Kingdom,45,4,1443.69,3,3,3,9,Loyal Customers
17176,United Kingdom,United Kingdom,202,1,306.13,1,1,1,3,Hibernating
17179,United Kingdom,United Kingdom,179,3,711.79,1,3,3,7,At Risk
17180,United Kingdom,United Kingdom,57,4,783.97,2,3,3,8,At Risk
17181,United Kingdom,United Kingdom,58,2,239.92000000000002,2,2,1,5,Needs Attention
17183,United Kingdom,United Kingdom,8,6,3347.31,4,4,4,12,Champions
17186,United Kingdom,United Kingdom,47,2,144.0,3,2,1,6,Potential Loyalists
17187,United Kingdom,United Kingdom,227,1,203.95,1,1,1,3,Hibernating
17188,United Kingdom,United Kingdom,12,7,2474.23,4,4,4,12,Champions
17189,United Kingdom,United Kingdom,107,2,383.75,2,2,2,6,Needs Attention
17190,United Kingdom,United Kingdom,59,2,444.74,2,2,2,6,Needs Attention
17191,United Kingdom,United Kingdom,29,7,2093.68,3,4,4,11,Loyal Customers
17193,United Kingdom,United Kingdom,36,7,1699.3000000000002,3,4,4,11,Loyal Customers
17194,United Kingdom,United Kingdom,274,2,262.62,1,2,1,4,Hibernating
17197,United Kingdom,United Kingdom,30,1,1013.01,3,1,3,7,Potential Loyalists
17198,United Kingdom,United Kingdom,24,3,692.22,3,3,3,9,Loyal Customers
17201,United Kingdom,United Kingdom,54,1,289.78,2,1,1,4,Needs Attention
17203,United Kingdom,United Kingdom,36,6,3560.08,3,4,4,11,Loyal Customers
17204,United Kingdom,United Kingdom,176,4,1564.56,1,3,3,7,At Risk
17205,United Kingdom,United Kingdom,54,1,384.08,2,1,2,5,Needs Attention
17206,United Kingdom,United Kingdom,54,1,204.24,2,1,1,4,Needs Attention
17211,United Kingdom,United Kingdom,27,8,2317.2200000000003,3,4,4,11,Loyal Customers
17212,United Kingdom,United Kingdom,254,1,226.85,1,1,1,3,Hibernating
17213,United Kingdom,United Kingdom,41,7,2781.23,3,4,4,11,Loyal Customers
17214,United Kingdom,United Kingdom,61,6,1059.1200000000001,2,4,3,9,At Risk
17217,United Kingdom,United Kingdom,235,1,113.5,1,1,1,3,Hibernating
17218,United Kingdom,United Kingdom,5,10,1951.97,4,4,4,12,Champions
17219,United Kingdom,United Kingdom,32,1,114.23,3,1,1,5,Potential Loyalists
17220,United Kingdom,United Kingdom,25,14,3187.55,3,4,4,11,Loyal Customers
17221,United Kingdom,United Kingdom,8,2,334.48,4,2,2,8,Potential Loyalists
17222,United Kingdom,United Kingdom,66,1,328.65,2,1,2,5,Needs Attention
17223,United Kingdom,United Kingdom,311,2,416.89,1,2,2,5,Hibernating
17226,United Kingdom,United Kingdom,309,1,393.49,1,1,2,4,Hibernating
17227,United Kingdom,United Kingdom,19,6,939.32,3,4,3,10,Loyal Customers
17228,United Kingdom,United Kingdom,16,8,1906.09,4,4,4,12,Champions
17229,United Kingdom,United Kingdom,97,2,318.76,2,2,2,6,Needs Attention
17230,United Kingdom,United Kingdom,265,8,3638.41,1,4,4,9,At Risk
17231,United Kingdom,United Kingdom,13,10,3124.72,4,4,4,12,Champions
17232,United Kingdom,United Kingdom,3,2,417.77,4,2,2,8,Potential Loyalists
17233,United Kingdom,United Kingdom,36,1,190.88,3,1,1,5,Potential Loyalists
17234,United Kingdom,United Kingdom,183,1,149.89000000000001,1,1,1,3,Hibernating
17235,United Kingdom,United Kingdom,26,2,550.06,3,2,2,7,Potential Loyalists
17236,United Kingdom,United Kingdom,13,6,916.13,4,4,3,11,Champions
17237,United Kingdom,United Kingdom,12,2,314.69,4,2,2,8,Potential Loyalists
17238,United Kingdom,United Kingdom,3,17,3719.1,4,4,4,12,Champions
17239,United Kingdom,United Kingdom,313,1,382.5,1,1,2,4,Hibernating
17242,United Kingdom,United Kingdom,109,2,1135.04,2,2,3,7,Needs Attention
17243,United Kingdom,United Kingdom,2,26,8540.05,4,4,4,12,Champions
17244,United Kingdom,United Kingdom,54,1,954.9,2,1,3,6,Needs Attention
17245,United Kingdom,United Kingdom,205,1,171.45,1,1,1,3,Hibernating
17247,United Kingdom,United Kingdom,16,1,280.09000000000003,4,1,1,6,Potential Loyalists
17248,United Kingdom,United Kingdom,121,1,318.65,2,1,2,5,Needs Attention
17250,United Kingdom,United Kingdom,4,2,381.97,4,2,2,8,Potential Loyalists
17251,United Kingdom,United Kingdom,363,1,269.83,1,1,1,3,Hibernating
17252,United Kingdom,United Kingdom,117,2,348.91,2,2,2,6,Needs Attention
17253,United Kingdom,United Kingdom,19,1,178.26,3,1,1,5,Potential Loyalists
17254,United Kingdom,United Kingdom,5,2,271.19,4,2,1,7,Potential Loyalists
17255,United Kingdom,United Kingdom,41,2,291.48,3,2,1,6,Potential Loyalists
17256,United Kingdom,United Kingdom,108,2,240.0,2,2,1,5,Needs Attention
17259,United Kingdom,United Kingdom,149,2,581.23,1,2,2,5,Hibernating
17262,United Kingdom,United Kingdom,53,5,1253.3600000000001,2,3,3,8,At Risk
17263,United Kingdom,United Kingdom,209,1,63.440000000000005,1,1,1,3,Hibernating
17265,United Kingdom,United Kingdom,139,2,550.01,2,2,2,6,Needs Attention
17266,United Kingdom,United Kingdom,3,3,296.58,4,3,1,8,Loyal Customers
17267,United Kingdom,United Kingdom,128,2,317.2,2,2,2,6,Needs Attention
17268,United Kingdom,United Kingdom,108,4,763.64,2,3,3,8,At Risk
17272,United Kingdom,United Kingdom,43,4,2148.63,3,3,4,10,Loyal Customers
17274,United Kingdom,United Kingdom,36,1,107.82,3,1,1,5,Potential Loyalists
17277,United Kingdom,United Kingdom,228,2,1065.3500000000001,1,2,3,6,Hibernating
17278,United Kingdom,United Kingdom,242,1,246.04,1,1,1,3,Hibernating
17279,United Kingdom,United Kingdom,58,1,187.82999999999998,2,1,1,4,Needs Attention
17282,United Kingdom,United Kingdom,131,3,1685.46,2,3,4,9,At Risk
17284,United Kingdom,United Kingdom,61,6,1647.48,2,4,3,9,At Risk
17286,United Kingdom,United Kingdom,22,1,151.37,3,1,1,5,Potential Loyalists
17287,United Kingdom,United Kingdom,27,7,1049.06,3,4,3,10,Loyal Customers
17288,United Kingdom,United Kingdom,10,7,1417.63,4,4,3,11,Champions
17289,United Kingdom,United Kingdom,32,3,931.02,3,3,3,9,Loyal Customers
17290,United Kingdom,United Kingdom,4,2,513.01,4,2,2,8,Potential Loyalists
17291,United Kingdom,United Kingdom,309,1,550.8000000000001,1,1,2,4,Hibernating
17293,United Kingdom,United Kingdom,9,9,1854.06,4,4,4,12,Champions
17295,United Kingdom,United Kingdom,29,3,547.0,3,3,2,8,Loyal Customers
17297,United Kingdom,United Kingdom,18,1,128.18,4,1,1,6,Potential Loyalists
17298,United Kingdom,United Kingdom,102,2,498.42,2,2,2,6,Needs Attention
17299,United Kingdom,United Kingdom,12,4,656.61,4,3,2,9,Loyal Customers
17301,United Kingdom,United Kingdom,22,1,163.24,3,1,1,5,Potential Loyalists
17302,United Kingdom,United Kingdom,15,5,1135.63,4,3,3,10,Loyal Customers
17303,United Kingdom,United Kingdom,362,1,250.04,1,1,1,3,Hibernating
17306,United Kingdom,United Kingdom,11,19,8631.31,4,4,4,12,Champions
17309,United Kingdom,United Kingdom,96,1,82.75,2,1,1,4,Needs Attention
17311,United Kingdom,United Kingdom,79,2,1384.85,2,2,3,7,Needs Attention
17312,United Kingdom,United Kingdom,139,3,644.3,2,3,2,7,At Risk
17313,United Kingdom,United Kingdom,32,1,2328.84,3,1,4,8,Potential Loyalists
17314,United Kingdom,United Kingdom,25,8,2527.92,3,4,4,11,Loyal Customers
17315,United Kingdom,United Kingdom,2,38,6281.23,4,4,4,12,Champions
17317,United Kingdom,United Kingdom,47,3,2600.34,3,3,4,10,Loyal Customers
17320,United Kingdom,United Kingdom,101,3,1200.6200000000001,2,3,3,8,At Risk
17321,United Kingdom,United Kingdom,9,2,657.16,4,2,2,8,Potential Loyalists
17323,United Kingdom,United Kingdom,16,7,906.52,4,4,3,11,Champions
17324,United Kingdom,United Kingdom,18,4,986.48,4,3,3,10,Loyal Customers
17325,United Kingdom,United Kingdom,281,1,96.8,1,1,1,3,Hibernating
17329,United Kingdom,United Kingdom,15,2,523.11,4,2,2,8,Potential Loyalists
17330,United Kingdom,United Kingdom,23,2,363.9,3,2,2,7,Potential Loyalists
17331,United Kingdom,United Kingdom,124,1,175.2,2,1,1,4,Needs Attention
17333,United Kingdom,United Kingdom,86,1,494.25,2,1,2,5,Needs Attention
17334,United Kingdom,United Kingdom,303,2,307.02,1,2,2,5,Hibernating
17337,United Kingdom,United Kingdom,152,4,1981.06,1,3,4,8,At Risk
17338,United Kingdom,United Kingdom,18,8,6493.54,4,4,4,12,Champions
17339,United Kingdom,United Kingdom,95,2,243.36,2,2,1,5,Needs Attention
17340,United Kingdom,United Kingdom,30,11,12353.29,3,4,4,11,Loyal Customers
17341,United Kingdom,United Kingdom,157,3,682.29,1,3,3,7,At Risk
17343,United Kingdom,United Kingdom,356,1,193.64,1,1,1,3,Hibernating
17344,United Kingdom,United Kingdom,47,1,157.62,3,1,1,5,Potential Loyalists
17345,United Kingdom,United Kingdom,16,4,519.6899999999999,4,3,2,9,Loyal Customers
17346,United Kingdom,United Kingdom,4,15,2622.88,4,4,4,12,Champions
17347,United Kingdom,United Kingdom,87,1,228.96,2,1,1,4,Needs Attention
17348,United Kingdom,United Kingdom,15,5,1156.6,4,3,3,10,Loyal Customers
17349,United Kingdom,United Kingdom,180,1,98.25,1,1,1,3,Hibernating
17350,United Kingdom,United Kingdom,9,4,1281.32,4,3,3,10,Loyal Customers
17351,United Kingdom,United Kingdom,37,3,587.15,3,3,2,8,Loyal Customers
17353,United Kingdom,United Kingdom,130,2,1740.0,2,2,4,8,Needs Attention
17354,United Kingdom,United Kingdom,51,1,1393.06,3,1,3,7,Potential Loyalists
17356,United Kingdom,United Kingdom,312,1,178.22,1,1,1,3,Hibernating
17357,United Kingdom,United Kingdom,25,2,384.39,3,2,2,7,Potential Loyalists
17358,United Kingdom,United Kingdom,304,2,360.81,1,2,2,5,Hibernating
17359,United Kingdom,United Kingdom,12,1,127.86,4,1,1,6,Potential Loyalists
17360,United Kingdom,United Kingdom,18,3,568.24,4,3,2,9,Loyal Customers
17361,United Kingdom,United Kingdom,50,3,488.2,3,3,2,8,Loyal Customers
17362,United Kingdom,United Kingdom,240,2,312.23,1,2,2,5,Hibernating
17364,United Kingdom,United Kingdom,1,11,4462.68,4,4,4,12,Champions
17365,United Kingdom,United Kingdom,13,8,4767.36,4,4,4,12,Champions
17367,United Kingdom,United Kingdom,239,1,167.55,1,1,1,3,Hibernating
17368,United Kingdom,United Kingdom,24,8,1878.87,3,4,4,11,Loyal Customers
17370,United Kingdom,United Kingdom,73,4,446.18,2,3,2,7,At Risk
17371,United Kingdom,United Kingdom,18,3,418.4,4,3,2,9,Loyal Customers
17372,United Kingdom,United Kingdom,41,8,1337.18,3,4,3,10,Loyal Customers
17373,United Kingdom,United Kingdom,41,4,646.92,3,3,2,8,Loyal Customers
17374,United Kingdom,United Kingdom,219,2,495.77,1,2,2,5,Hibernating
17375,United Kingdom,United Kingdom,200,3,400.1,1,3,2,6,At Risk
17376,United Kingdom,United Kingdom,71,2,203.2,2,2,1,5,Needs Attention
17377,United Kingdom,United Kingdom,24,20,4058.32,3,4,4,11,Loyal Customers
17379,United Kingdom,United Kingdom,12,1,389.71999999999997,4,1,2,7,Potential Loyalists
17381,United Kingdom,United Kingdom,9,29,20275.61,4,4,4,12,Champions
17382,United Kingdom,United Kingdom,66,1,65.4,2,1,1,4,Needs Attention
17383,United Kingdom,United Kingdom,5,1,193.39000000000001,4,1,1,6,Potential Loyalists
17384,United Kingdom,United Kingdom,20,2,336.4,3,2,2,7,Potential Loyalists
17385,United Kingdom,United Kingdom,15,1,256.11,4,1,1,6,Potential Loyalists
17386,United Kingdom,United Kingdom,8,6,2686.42,4,4,4,12,Champions
17387,United Kingdom,United Kingdom,20,2,746.81,3,2,3,8,Potential Loyalists
17388,United Kingdom,United Kingdom,78,4,1259.56,2,3,3,8,At Risk
17389,United Kingdom,United Kingdom,1,34,31833.68,4,4,4,12,Champions
17391,United Kingdom,United Kingdom,164,2,508.8,1,2,2,5,Hibernating
17392,United Kingdom,United Kingdom,307,2,417.27,1,2,2,5,Hibernating
17394,United Kingdom,United Kingdom,220,1,203.86999999999998,1,1,1,3,Hibernating
17396,United Kingdom,United Kingdom,40,8,7330.8,3,4,4,11,Loyal Customers
17397,United Kingdom,United Kingdom,23,2,681.41,3,2,3,8,Potential Loyalists
17398,United Kingdom,United Kingdom,115,3,653.38,2,3,2,7,At Risk
17400,United Kingdom,United Kingdom,127,5,2097.84,2,3,4,9,At Risk
17402,United Kingdom,United Kingdom,5,13,2633.85,4,4,4,12,Champions
17403,United Kingdom,United Kingdom,37,1,263.92,3,1,1,5,Potential Loyalists
17404,Sweden,International,5,15,31906.82,4,4,4,12,Champions
17405,United Kingdom,United Kingdom,2,3,1031.41,4,3,3,10,Loyal Customers
17406,United Kingdom,United Kingdom,334,3,2184.42,1,3,4,8,At Risk
17408,United Kingdom,United Kingdom,164,1,32.65,1,1,1,3,Hibernating
17409,United Kingdom,United Kingdom,185,2,771.85,1,2,3,6,Hibernating
17410,United Kingdom,United Kingdom,17,5,1214.72,4,3,3,10,Loyal Customers
17411,United Kingdom,United Kingdom,13,3,778.94,4,3,3,10,Loyal Customers
17412,United Kingdom,United Kingdom,3,7,1258.06,4,4,3,11,Champions
17414,United Kingdom,United Kingdom,44,2,778.0,3,2,3,8,Potential Loyalists
17415,United Kingdom,United Kingdom,80,1,507.84,2,1,2,5,Needs Attention
17416,United Kingdom,United Kingdom,30,7,6893.42,3,4,4,11,Loyal Customers
17418,United Kingdom,United Kingdom,43,2,463.46000000000004,3,2,2,7,Potential Loyalists
17419,United Kingdom,United Kingdom,12,12,4226.57,4,4,4,12,Champions
17420,United Kingdom,United Kingdom,51,3,598.83,3,3,2,8,Loyal Customers
17422,United Kingdom,United Kingdom,17,6,1979.37,4,4,4,12,Champions
17423,United Kingdom,United Kingdom,47,2,698.41,3,2,3,8,Potential Loyalists
17425,United Kingdom,United Kingdom,20,2,759.17,3,2,3,8,Potential Loyalists
17426,United Kingdom,United Kingdom,9,6,5037.26,4,4,4,12,Champions
17427,United Kingdom,United Kingdom,72,1,100.8,2,1,1,4,Needs Attention
17428,United Kingdom,United Kingdom,1,28,17256.85,4,4,4,12,Champions
17429,United Kingdom,United Kingdom,129,3,524.9200000000001,2,3,2,7,At Risk
17430,United Kingdom,United Kingdom,33,2,265.76,3,2,1,6,Potential Loyalists
17431,United Kingdom,United Kingdom,314,1,403.3,1,1,2,4,Hibernating
17432,United Kingdom,United Kingdom,19,2,365.76,3,2,2,7,Potential Loyalists
17433,United Kingdom,United Kingdom,89,1,303.15999999999997,2,1,1,4,Needs Attention
17434,United Kingdom,United Kingdom,3,7,2373.82,4,4,4,12,Champions
17436,United Kingdom,United Kingdom,2,2,216.29999999999998,4,2,1,7,Potential Loyalists
17438,United Kingdom,United Kingdom,254,1,388.45000000000005,1,1,2,4,Hibernating
17440,United Kingdom,United Kingdom,157,3,186.42000000000002,1,3,1,5,At Risk
17442,United Kingdom,United Kingdom,37,6,2248.56,3,4,4,11,Loyal Customers
17443,Canada,International,220,1,534.24,1,1,2,4,Hibernating
17444,Canada,International,148,3,2940.04,1,3,4,8,At Risk
17446,United Kingdom,United Kingdom,177,2,120.9,1,2,1,4,Hibernating
17447,United Kingdom,United Kingdom,41,2,541.53,3,2,2,7,Potential Loyalists
17449,United Kingdom,United Kingdom,3,7,2519.21,4,4,4,12,Champions
17450,United Kingdom,United Kingdom,9,46,194390.79,4,4,4,12,Champions
17451,United Kingdom,United Kingdom,2,7,1721.4,4,4,4,12,Champions
17453,United Kingdom,United Kingdom,18,2,486.71999999999997,4,2,2,8,Potential Loyalists
17454,United Kingdom,United Kingdom,193,4,517.53,1,3,2,6,At Risk
17455,United Kingdom,United Kingdom,204,1,131.7,1,1,1,3,Hibernating
17456,United Kingdom,United Kingdom,366,1,249.86,1,1,1,3,Hibernating
17457,United Kingdom,United Kingdom,127,5,1737.7,2,3,4,9,At Risk
17458,United Kingdom,United Kingdom,16,1,316.5,4,1,2,7,Potential Loyalists
17459,United Kingdom,United Kingdom,44,2,657.3,3,2,2,7,Potential Loyalists
17460,United Kingdom,United Kingdom,95,6,622.4300000000001,2,4,2,8,At Risk
17461,United Kingdom,United Kingdom,23,3,735.82,3,3,3,9,Loyal Customers
17462,United Kingdom,United Kingdom,61,2,675.69,2,2,3,7,Needs Attention
17463,United Kingdom,United Kingdom,17,5,1875.86,4,3,4,11,Loyal Customers
17464,United Kingdom,United Kingdom,159,1,289.96000000000004,1,1,1,3,Hibernating
17466,United Kingdom,United Kingdom,11,2,763.28,4,2,3,9,Potential Loyalists
17468,United Kingdom,United Kingdom,11,2,137.0,4,2,1,7,Potential Loyalists
17469,United Kingdom,United Kingdom,17,5,1870.97,4,3,4,11,Loyal Customers
17470,United Kingdom,United Kingdom,45,5,1125.07,3,3,3,9,Loyal Customers
17472,United Kingdom,United Kingdom,192,3,697.54,1,3,3,7,At Risk
17475,United Kingdom,United Kingdom,80,1,194.37,2,1,1,4,Needs Attention
17480,United Kingdom,United Kingdom,78,1,511.82,2,1,2,5,Needs Attention
17481,United Kingdom,United Kingdom,4,4,1255.59,4,3,3,10,Loyal Customers
17483,United Kingdom,United Kingdom,66,3,414.04,2,3,2,7,At Risk
17486,United Kingdom,United Kingdom,262,1,396.87,1,1,2,4,Hibernating
17489,United Kingdom,United Kingdom,59,2,376.64,2,2,2,6,Needs Attention
17490,United Kingdom,United Kingdom,1,7,2092.32,4,4,4,12,Champions
17491,United Kingdom,United Kingdom,2,10,3558.87,4,4,4,12,Champions
17492,United Kingdom,United Kingdom,249,1,374.57,1,1,2,4,Hibernating
17495,United Kingdom,United Kingdom,8,2,497.56,4,2,2,8,Potential Loyalists
17496,United Kingdom,United Kingdom,359,1,271.05,1,1,1,3,Hibernating
17498,United Kingdom,United Kingdom,76,1,272.22,2,1,1,4,Needs Attention
17499,United Kingdom,United Kingdom,290,1,622.88,1,1,2,4,Hibernating
17500,United Kingdom,United Kingdom,18,3,1138.0,4,3,3,10,Loyal Customers
17501,United Kingdom,United Kingdom,221,2,288.6,1,2,1,4,Hibernating
17502,United Kingdom,United Kingdom,10,4,689.1,4,3,3,10,Loyal Customers
17503,United Kingdom,United Kingdom,3,2,558.96,4,2,2,8,Potential Loyalists
17504,United Kingdom,United Kingdom,207,9,2997.0299999999997,1,4,4,9,At Risk
17505,United Kingdom,United Kingdom,162,2,1145.84,1,2,3,6,Hibernating
17506,United Kingdom,United Kingdom,76,1,302.2,2,1,1,4,Needs Attention
17507,United Kingdom,United Kingdom,262,2,605.58,1,2,2,5,Hibernating
17508,Greece,International,281,1,387.31,1,1,2,4,Hibernating
17509,United Kingdom,United Kingdom,58,8,6083.64,2,4,4,10,At Risk
17510,United Kingdom,United Kingdom,25,1,308.48,3,1,2,6,Potential Loyalists
17511,United Kingdom,United Kingdom,3,31,91062.38,4,4,4,12,Champions
17512,United Kingdom,United Kingdom,29,10,2924.9900000000002,3,4,4,11,Loyal Customers
17513,United Kingdom,United Kingdom,73,1,513.2,2,1,2,5,Needs Attention
17514,United Kingdom,United Kingdom,129,1,208.65,2,1,1,4,Needs Attention
17515,United Kingdom,United Kingdom,32,4,639.02,3,3,2,8,Loyal Customers
17516,United Kingdom,United Kingdom,16,5,764.88,4,3,3,10,Loyal Customers
17517,United Kingdom,United Kingdom,309,1,153.94,1,1,1,3,Hibernating
17519,United Kingdom,United Kingdom,18,6,1844.02,4,4,4,12,Champions
17520,United Kingdom,United Kingdom,54,1,546.81,2,1,2,5,Needs Attention
17521,United Kingdom,United Kingdom,30,3,723.2099999999999,3,3,3,9,Loyal Customers
17522,United Kingdom,United Kingdom,2,5,1070.71,4,3,3,10,Loyal Customers
17523,United Kingdom,United Kingdom,12,4,652.74,4,3,2,9,Loyal Customers
17524,United Kingdom,United Kingdom,362,1,145.0,1,1,1,3,Hibernating
17525,United Kingdom,United Kingdom,360,1,422.70000000000005,1,1,2,4,Hibernating
17526,United Kingdom,United Kingdom,5,4,1195.8999999999999,4,3,3,10,Loyal Customers
17527,United Kingdom,United Kingdom,54,4,939.37,2,3,3,8,At Risk
17528,United Kingdom,United Kingdom,2,8,3628.5,4,4,4,12,Champions
17530,United Kingdom,United Kingdom,2,10,2367.12,4,4,4,12,Champions
17531,United Kingdom,United Kingdom,191,1,296.7,1,1,1,3,Hibernating
17534,United Kingdom,United Kingdom,54,1,223.36,2,1,1,4,Needs Attention
17535,United Kingdom,United Kingdom,281,1,164.4,1,1,1,3,Hibernating
17536,United Kingdom,United Kingdom,178,1,76.5,1,1,1,3,Hibernating
17537,United Kingdom,United Kingdom,30,2,887.67,3,2,3,8,Potential Loyalists
17538,United Kingdom,United Kingdom,26,1,98.42,3,1,1,5,Potential Loyalists
17540,United Kingdom,United Kingdom,25,2,578.9,3,2,2,7,Potential Loyalists
17542,United Kingdom,United Kingdom,270,1,170.75,1,1,1,3,Hibernating
17545,United Kingdom,United Kingdom,44,3,642.32,3,3,2,8,Loyal Customers
17548,United Kingdom,United Kingdom,234,1,103.3,1,1,1,3,Hibernating
17549,United Kingdom,United Kingdom,24,2,148.86,3,2,1,6,Potential Loyalists
17550,United Kingdom,United Kingdom,198,3,267.16,1,3,1,5,At Risk
17551,United Kingdom,United Kingdom,360,1,290.34,1,1,1,3,Hibernating
17552,United Kingdom,United Kingdom,61,4,930.41,2,3,3,8,At Risk
17553,United Kingdom,United Kingdom,130,1,1487.6,2,1,3,6,Needs Attention
17554,United Kingdom,United Kingdom,2,5,1952.45,4,3,4,11,Loyal Customers
17555,United Kingdom,United Kingdom,20,2,480.31,3,2,2,7,Potential Loyalists
17556,United Kingdom,United Kingdom,206,1,157.9,1,1,1,3,Hibernating
17557,United Kingdom,United Kingdom,15,3,541.46,4,3,2,9,Loyal Customers
17560,United Kingdom,United Kingdom,95,4,854.95,2,3,3,8,At Risk
17561,United Kingdom,United Kingdom,20,1,165.12,3,1,1,5,Potential Loyalists
17562,United Kingdom,United Kingdom,15,7,1122.38,4,4,3,11,Champions
17564,United Kingdom,United Kingdom,25,3,454.01,3,3,2,8,Loyal Customers
17566,United Kingdom,United Kingdom,9,2,869.77,4,2,3,9,Potential Loyalists
17567,United Kingdom,United Kingdom,8,8,4331.48,4,4,4,12,Champions
17569,United Kingdom,United Kingdom,333,1,344.14,1,1,2,4,Hibernating
17571,United Kingdom,United Kingdom,51,4,1425.67,3,3,3,9,Loyal Customers
17572,United Kingdom,United Kingdom,72,4,226.75000000000003,2,3,1,6,At Risk
17573,United Kingdom,United Kingdom,30,3,380.6,3,3,2,8,Loyal Customers
17574,United Kingdom,United Kingdom,243,1,185.65,1,1,1,3,Hibernating
17576,United Kingdom,United Kingdom,9,19,3564.83,4,4,4,12,Champions
17578,United Kingdom,United Kingdom,219,1,143.45999999999998,1,1,1,3,Hibernating
17579,United Kingdom,United Kingdom,5,3,448.90000000000003,4,3,2,9,Loyal Customers
17580,United Kingdom,United Kingdom,253,3,215.72,1,3,1,5,At Risk
17581,United Kingdom,United Kingdom,1,25,11025.24,4,4,4,12,Champions
17582,United Kingdom,United Kingdom,237,1,175.27,1,1,1,3,Hibernating
17584,United Kingdom,United Kingdom,8,2,1242.3,4,2,3,9,Potential Loyalists
17585,United Kingdom,United Kingdom,110,4,1116.68,2,3,3,8,At Risk
17588,United Kingdom,United Kingdom,101,3,1240.2,2,3,3,8,At Risk
17589,United Kingdom,United Kingdom,61,4,2404.17,2,3,4,9,At Risk
17590,United Kingdom,United Kingdom,3,3,1468.02,4,3,3,10,Loyal Customers
17591,United Kingdom,United Kingdom,74,7,2203.67,2,4,4,10,At Risk
17593,United Kingdom,United Kingdom,4,5,3923.86,4,3,4,11,Loyal Customers
17594,United Kingdom,United Kingdom,86,2,993.18,2,2,3,7,Needs Attention
17595,United Kingdom,United Kingdom,13,2,386.69,4,2,2,8,Potential Loyalists
17596,United Kingdom,United Kingdom,24,7,2806.69,3,4,4,11,Loyal Customers
17597,United Kingdom,United Kingdom,214,1,2044.3700000000001,1,1,4,6,Hibernating
17600,United Kingdom,United Kingdom,18,1,161.67000000000002,4,1,1,6,Potential Loyalists
17601,United Kingdom,United Kingdom,240,1,116.00999999999999,1,1,1,3,Hibernating
17602,United Kingdom,United Kingdom,3,6,5054.42,4,4,4,12,Champions
17603,United Kingdom,United Kingdom,79,1,394.72,2,1,2,5,Needs Attention
17604,United Kingdom,United Kingdom,218,2,309.36,1,2,2,5,Hibernating
17608,United Kingdom,United Kingdom,34,2,191.99,3,2,1,6,Potential Loyalists
17609,United Kingdom,United Kingdom,41,5,1105.78,3,3,3,9,Loyal Customers
17611,United Kingdom,United Kingdom,8,15,3961.12,4,4,4,12,Champions
17612,United Kingdom,United Kingdom,54,6,2048.45,2,4,4,10,At Risk
17613,United Kingdom,United Kingdom,23,14,4544.55,3,4,4,11,Loyal Customers
17614,United Kingdom,United Kingdom,58,1,386.32,2,1,2,5,Needs Attention
17615,United Kingdom,United Kingdom,131,3,329.6,2,3,2,7,At Risk
17616,United Kingdom,United Kingdom,174,3,571.1999999999999,1,3,2,6,At Risk
17618,United Kingdom,United Kingdom,6,3,930.28,4,3,3,10,Loyal Customers
17619,United Kingdom,United Kingdom,313,1,214.37,1,1,1,3,Hibernating
17620,United Kingdom,United Kingdom,60,1,81.44,2,1,1,4,Needs Attention
17621,United Kingdom,United Kingdom,22,3,1379.9,3,3,3,9,Loyal Customers
17623,United Kingdom,United Kingdom,33,1,527.0500000000001,3,1,2,6,Potential Loyalists
17624,United Kingdom,United Kingdom,15,2,843.48,4,2,3,9,Potential Loyalists
17625,United Kingdom,United Kingdom,19,4,2020.4,3,3,4,10,Loyal Customers
17628,United Kingdom,United Kingdom,82,1,75.75,2,1,1,4,Needs Attention
17629,United Kingdom,United Kingdom,6,8,1814.12,4,4,4,12,Champions
17630,United Kingdom,United Kingdom,170,2,503.59999999999997,1,2,2,5,Hibernating
17631,United Kingdom,United Kingdom,2,3,528.33,4,3,2,9,Loyal Customers
17633,United Kingdom,United Kingdom,32,4,1324.84,3,3,3,9,Loyal Customers
17634,United Kingdom,United Kingdom,37,9,2358.59,3,4,4,11,Loyal Customers
17636,United Kingdom,United Kingdom,20,1,285.56,3,1,1,5,Potential Loyalists
17637,United Kingdom,United Kingdom,32,2,547.0600000000001,3,2,2,7,Potential Loyalists
17639,United Kingdom,United Kingdom,277,1,108.5,1,1,1,3,Hibernating
17640,United Kingdom,United Kingdom,87,1,621.66,2,1,2,5,Needs Attention
17642,United Kingdom,United Kingdom,120,2,712.29,2,2,3,7,Needs Attention
17643,United Kingdom,United Kingdom,374,1,101.55,1,1,1,3,Hibernating
17644,United Kingdom,United Kingdom,2,11,2895.64,4,4,4,12,Champions
17646,United Kingdom,United Kingdom,220,3,1008.39,1,3,3,7,At Risk
17647,United Kingdom,United Kingdom,66,1,133.06,2,1,1,4,Needs Attention
17648,United Kingdom,United Kingdom,61,4,1797.5,2,3,4,9,At Risk
17649,United Kingdom,United Kingdom,139,1,868.49,2,1,3,6,Needs Attention
17650,United Kingdom,United Kingdom,22,1,166.08,3,1,1,5,Potential Loyalists
17651,United Kingdom,United Kingdom,12,10,3945.0,4,4,4,12,Champions
17652,United Kingdom,United Kingdom,26,12,4867.72,3,4,4,11,Loyal Customers
17653,United Kingdom,United Kingdom,37,4,1207.56,3,3,3,9,Loyal Customers
17654,United Kingdom,United Kingdom,278,1,117.55,1,1,1,3,Hibernating
17655,United Kingdom,United Kingdom,11,7,2638.94,4,4,4,12,Champions
17656,United Kingdom,United Kingdom,74,5,1674.69,2,3,4,9,At Risk
17658,United Kingdom,United Kingdom,26,2,595.42,3,2,2,7,Potential Loyalists
17659,United Kingdom,United Kingdom,18,12,2999.46,4,4,4,12,Champions
17660,United Kingdom,United Kingdom,142,1,178.75,2,1,1,4,Needs Attention
17663,United Kingdom,United Kingdom,26,7,1802.91,3,4,4,11,Loyal Customers
17664,United Kingdom,United Kingdom,19,2,604.64,3,2,2,7,Potential Loyalists
17666,United Kingdom,United Kingdom,4,2,728.16,4,2,3,9,Potential Loyalists
17667,United Kingdom,United Kingdom,67,5,2055.51,2,3,4,9,At Risk
17668,United Kingdom,United Kingdom,2,2,347.75,4,2,2,8,Potential Loyalists
17669,United Kingdom,United Kingdom,43,7,3406.7200000000003,3,4,4,11,Loyal Customers
17670,United Kingdom,United Kingdom,228,1,205.7,1,1,1,3,Hibernating
17671,United Kingdom,United Kingdom,16,4,1572.71,4,3,3,10,Loyal Customers
17672,United Kingdom,United Kingdom,51,2,3178.17,3,2,4,9,Potential Loyalists
17673,United Kingdom,United Kingdom,2,6,1594.97,4,4,3,11,Champions
17674,United Kingdom,United Kingdom,75,2,551.04,2,2,2,6,Needs Attention
17675,United Kingdom,United Kingdom,2,31,20374.28,4,4,4,12,Champions
17676,United Kingdom,United Kingdom,5,6,1371.18,4,4,3,11,Champions
17677,United Kingdom,United Kingdom,2,30,16345.38,4,4,4,12,Champions
17678,United Kingdom,United Kingdom,264,1,298.11,1,1,1,3,Hibernating
17679,United Kingdom,United Kingdom,53,2,1992.1100000000001,2,2,4,8,Needs Attention
17680,United Kingdom,United Kingdom,24,1,184.4,3,1,1,5,Potential Loyalists
17682,United Kingdom,United Kingdom,11,6,2474.33,4,4,4,12,Champions
17684,United Kingdom,United Kingdom,44,1,239.41,3,1,1,5,Potential Loyalists
17685,United Kingdom,United Kingdom,17,7,3155.83,4,4,4,12,Champions
17686,United Kingdom,United Kingdom,8,7,5739.46,4,4,4,12,Champions
17690,United Kingdom,United Kingdom,31,15,4726.8,3,4,4,11,Loyal Customers
17691,United Kingdom,United Kingdom,359,2,290.40000000000003,1,2,1,4,Hibernating
17692,United Kingdom,United Kingdom,128,4,740.9399999999999,2,3,3,8,At Risk
17693,United Kingdom,United Kingdom,138,1,200.47,2,1,1,4,Needs Attention
17694,United Kingdom,United Kingdom,142,1,283.12,2,1,1,4,Needs Attention
17695,United Kingdom,United Kingdom,132,2,765.34,2,2,3,7,Needs Attention
17696,United Kingdom,United Kingdom,39,8,2285.71,3,4,4,11,Loyal Customers
17697,United Kingdom,United Kingdom,237,1,338.95,1,1,2,4,Hibernating
17698,United Kingdom,United Kingdom,261,1,154.95,1,1,1,3,Hibernating
17700,United Kingdom,United Kingdom,17,4,2534.64,4,3,4,11,Loyal Customers
17701,United Kingdom,United Kingdom,253,1,417.95,1,1,2,4,Hibernating
17702,United Kingdom,United Kingdom,31,4,1824.37,3,3,4,10,Loyal Customers
17703,United Kingdom,United Kingdom,36,3,798.74,3,3,3,9,Loyal Customers
17704,United Kingdom,United Kingdom,169,2,885.19,1,2,3,6,Hibernating
17705,United Kingdom,United Kingdom,4,9,1823.52,4,4,4,12,Champions
17706,United Kingdom,United Kingdom,5,17,10504.49,4,4,4,12,Champions
17707,United Kingdom,United Kingdom,186,2,152.4,1,2,1,4,Hibernating
17708,United Kingdom,United Kingdom,188,2,263.33,1,2,1,4,Hibernating
17709,United Kingdom,United Kingdom,170,1,137.45,1,1,1,3,Hibernating
17711,United Kingdom,United Kingdom,11,2,385.1,4,2,2,8,Potential Loyalists
17712,United Kingdom,United Kingdom,45,1,522.91,3,1,2,6,Potential Loyalists
17714,United Kingdom,United Kingdom,321,1,153.0,1,1,1,3,Hibernating
17715,United Kingdom,United Kingdom,201,1,326.4,1,1,2,4,Hibernating
17716,United Kingdom,United Kingdom,23,11,5655.99,3,4,4,11,Loyal Customers
17718,United Kingdom,United Kingdom,233,1,139.35,1,1,1,3,Hibernating
17719,United Kingdom,United Kingdom,38,15,5396.04,3,4,4,11,Loyal Customers
17720,United Kingdom,United Kingdom,27,4,1195.94,3,3,3,9,Loyal Customers
17722,United Kingdom,United Kingdom,97,4,2424.04,2,3,4,9,At Risk
17723,United Kingdom,United Kingdom,128,6,3276.4000000000005,2,4,4,10,At Risk
17724,United Kingdom,United Kingdom,72,3,1033.0,2,3,3,8,At Risk
17725,United Kingdom,United Kingdom,17,11,3439.08,4,4,4,12,Champions
17727,United Kingdom,United Kingdom,16,1,1060.25,4,1,3,8,Potential Loyalists
17728,United Kingdom,United Kingdom,4,3,2876.01,4,3,4,11,Loyal Customers
17730,United Kingdom,United Kingdom,4,13,5298.4800000000005,4,4,4,12,Champions
17731,United Kingdom,United Kingdom,80,4,1240.11,2,3,3,8,At Risk
17732,United Kingdom,United Kingdom,373,1,303.97,1,1,1,3,Hibernating
17733,United Kingdom,United Kingdom,39,2,692.19,3,2,3,8,Potential Loyalists
17734,United Kingdom,United Kingdom,54,3,700.63,2,3,3,8,At Risk
17735,United Kingdom,United Kingdom,3,19,13110.02,4,4,4,12,Champions
17736,United Kingdom,United Kingdom,10,3,377.44,4,3,2,9,Loyal Customers
17737,United Kingdom,United Kingdom,10,2,168.24,4,2,1,7,Potential Loyalists
17738,United Kingdom,United Kingdom,20,4,1879.05,3,3,4,10,Loyal Customers
17739,United Kingdom,United Kingdom,12,7,2791.35,4,4,4,12,Champions
17742,United Kingdom,United Kingdom,114,2,355.11,2,2,2,6,Needs Attention
17744,United Kingdom,United Kingdom,4,6,2322.4,4,4,4,12,Champions
17746,United Kingdom,United Kingdom,241,1,110.25,1,1,1,3,Hibernating
17747,United Kingdom,United Kingdom,113,1,71.4,2,1,1,4,Needs Attention
17749,United Kingdom,United Kingdom,179,2,674.52,1,2,3,6,Hibernating
17750,United Kingdom,United Kingdom,6,9,1710.45,4,4,4,12,Champions
17752,United Kingdom,United Kingdom,360,1,80.64,1,1,1,3,Hibernating
17754,United Kingdom,United Kingdom,1,5,1664.65,4,3,4,11,Loyal Customers
17757,United Kingdom,United Kingdom,2,30,5593.39,4,4,4,12,Champions
17758,United Kingdom,United Kingdom,20,8,3408.2000000000003,3,4,4,11,Loyal Customers
17759,United Kingdom,United Kingdom,18,3,819.96,4,3,3,10,Loyal Customers
17760,United Kingdom,United Kingdom,22,2,287.59,3,2,1,6,Potential Loyalists
17761,United Kingdom,United Kingdom,33,1,712.78,3,1,3,7,Potential Loyalists
17763,United Kingdom,United Kingdom,264,1,15.0,1,1,1,3,Hibernating
17764,United Kingdom,United Kingdom,51,2,772.55,3,2,3,8,Potential Loyalists
17765,United Kingdom,United Kingdom,159,3,367.63,1,3,2,6,At Risk
17767,United Kingdom,United Kingdom,16,1,271.2,4,1,1,6,Potential Loyalists
17768,United Kingdom,United Kingdom,9,3,2081.9,4,3,4,11,Loyal Customers
17769,United Kingdom,United Kingdom,13,10,3957.43,4,4,4,12,Champions
17770,United Kingdom,United Kingdom,199,5,1143.27,1,3,3,7,At Risk
17771,United Kingdom,United Kingdom,57,2,245.81,2,2,1,5,Needs Attention
17772,United Kingdom,United Kingdom,11,2,173.45,4,2,1,7,Potential Loyalists
17774,United Kingdom,United Kingdom,97,4,1213.73,2,3,3,8,At Risk
17775,United Kingdom,United Kingdom,255,1,56.4,1,1,1,3,Hibernating
17777,United Kingdom,United Kingdom,25,3,647.56,3,3,2,8,Loyal Customers
17779,United Kingdom,United Kingdom,22,3,650.32,3,3,2,8,Loyal Customers
17781,United Kingdom,United Kingdom,160,2,188.02,1,2,1,4,Hibernating
17783,United Kingdom,United Kingdom,73,2,283.47,2,2,1,5,Needs Attention
17785,United Kingdom,United Kingdom,54,1,131.94,2,1,1,4,Needs Attention
17786,United Kingdom,United Kingdom,86,2,266.85,2,2,1,5,Needs Attention
17787,United Kingdom,United Kingdom,153,4,1817.54,1,3,4,8,At Risk
17788,United Kingdom,United Kingdom,74,2,1117.9,2,2,3,7,Needs Attention
17789,United Kingdom,United Kingdom,282,1,225.9,1,1,1,3,Hibernating
17790,United Kingdom,United Kingdom,27,14,1964.3,3,4,4,11,Loyal Customers
17791,United Kingdom,United Kingdom,30,1,106.1,3,1,1,5,Potential Loyalists
17793,United Kingdom,United Kingdom,26,1,300.34,3,1,1,5,Potential Loyalists
17795,United Kingdom,United Kingdom,180,2,342.83,1,2,2,5,Hibernating
17796,United Kingdom,United Kingdom,41,4,690.0,3,3,3,9,Loyal Customers
17797,United Kingdom,United Kingdom,23,3,780.43,3,3,3,9,Loyal Customers
17799,United Kingdom,United Kingdom,23,10,3039.17,3,4,4,11,Loyal Customers
17800,United Kingdom,United Kingdom,38,9,1187.21,3,4,3,10,Loyal Customers
17802,United Kingdom,United Kingdom,83,3,1285.04,2,3,3,8,At Risk
17805,United Kingdom,United Kingdom,74,1,512.31,2,1,2,5,Needs Attention
17806,United Kingdom,United Kingdom,12,1,546.04,4,1,2,7,Potential Loyalists
17809,United Kingdom,United Kingdom,17,12,5411.91,4,4,4,12,Champions
17811,United Kingdom,United Kingdom,5,39,7761.82,4,4,4,12,Champions
17812,United Kingdom,United Kingdom,13,4,699.81,4,3,3,10,Loyal Customers
17813,United Kingdom,United Kingdom,15,5,1698.07,4,3,4,11,Loyal Customers
17816,United Kingdom,United Kingdom,37,4,36.56,3,3,1,7,Loyal Customers
17817,United Kingdom,United Kingdom,5,3,387.68,4,3,2,9,Loyal Customers
17819,United Kingdom,United Kingdom,72,7,3704.87,2,4,4,10,At Risk
17824,United Kingdom,United Kingdom,52,1,298.4,2,1,1,4,Needs Attention
17827,United Kingdom,United Kingdom,6,5,1987.33,4,3,4,11,Loyal Customers
17828,Malta,International,23,4,1820.09,3,3,4,10,Loyal Customers
17829,United Arab Emirates,International,299,1,889.24,1,1,3,5,Hibernating
17830,United Kingdom,United Kingdom,2,3,398.7,4,3,2,9,Loyal Customers
17831,United Kingdom,United Kingdom,34,1,35.400000000000006,3,1,1,5,Potential Loyalists
17832,United Kingdom,United Kingdom,50,1,155.37,3,1,1,5,Potential Loyalists
17835,United Kingdom,United Kingdom,3,3,342.24,4,3,2,9,Loyal Customers
17836,United Kingdom,United Kingdom,48,1,110.21000000000001,3,1,1,5,Potential Loyalists
17837,United Kingdom,United Kingdom,43,8,1541.23,3,4,3,10,Loyal Customers
17838,United Kingdom,United Kingdom,27,5,2720.8,3,3,4,10,Loyal Customers
17839,United Kingdom,United Kingdom,43,1,318.15,3,1,2,6,Potential Loyalists
17841,United Kingdom,United Kingdom,2,124,40519.84,4,4,4,12,Champions
17843,United Kingdom,United Kingdom,304,1,205.48,1,1,1,3,Hibernating
17844,Canada,International,107,1,51.559999999999995,2,1,1,4,Needs Attention
17846,United Kingdom,United Kingdom,86,1,2033.1,2,1,4,7,Needs Attention
17848,United Kingdom,United Kingdom,82,9,901.1999999999999,2,4,3,9,At Risk
17849,United Kingdom,United Kingdom,219,4,605.8000000000001,1,3,2,6,At Risk
17850,United Kingdom,United Kingdom,373,34,5391.21,1,4,4,9,At Risk
17852,United Kingdom,United Kingdom,12,2,114.34,4,2,1,7,Potential Loyalists
17854,United Kingdom,United Kingdom,186,2,311.26,1,2,2,5,Hibernating
17855,United Kingdom,United Kingdom,373,1,208.97,1,1,1,3,Hibernating
17856,United Kingdom,United Kingdom,2,4,1418.03,4,3,3,10,Loyal Customers
17857,United Kingdom,United Kingdom,5,23,26879.04,4,4,4,12,Champions
17858,United Kingdom,United Kingdom,6,12,5140.66,4,4,4,12,Champions
17859,United Kingdom,United Kingdom,305,1,141.92000000000002,1,1,1,3,Hibernating
17860,United Kingdom,United Kingdom,369,1,226.45000000000002,1,1,1,3,Hibernating
17861,United Kingdom,United Kingdom,4,8,2097.88,4,4,4,12,Champions
17862,United Kingdom,United Kingdom,324,1,330.9,1,1,2,4,Hibernating
17863,United Kingdom,United Kingdom,60,6,3160.0,2,4,4,10,At Risk
17864,United Kingdom,United Kingdom,13,3,554.85,4,3,2,9,Loyal Customers
17865,United Kingdom,United Kingdom,31,20,10526.32,3,4,4,11,Loyal Customers
17866,United Kingdom,United Kingdom,143,1,329.65,1,1,2,4,Hibernating
17867,United Kingdom,United Kingdom,31,6,1157.8700000000001,3,4,3,10,Loyal Customers
17869,United Kingdom,United Kingdom,108,5,428.18,2,3,2,7,At Risk
17870,United Kingdom,United Kingdom,3,12,1865.89,4,4,4,12,Champions
17871,United Kingdom,United Kingdom,205,1,155.9,1,1,1,3,Hibernating
17873,United Kingdom,United Kingdom,81,5,1848.96,2,3,4,9,At Risk
17874,United Kingdom,United Kingdom,186,6,683.46,1,4,3,8,At Risk
17877,United Kingdom,United Kingdom,171,1,237.61,1,1,1,3,Hibernating
17878,United Kingdom,United Kingdom,44,1,379.45,3,1,2,6,Potential Loyalists
17879,United Kingdom,United Kingdom,174,1,178.51999999999998,1,1,1,3,Hibernating
17880,United Kingdom,United Kingdom,365,1,458.92,1,1,2,4,Hibernating
17881,United Kingdom,United Kingdom,305,1,133.35000000000002,1,1,1,3,Hibernating
17883,United Kingdom,United Kingdom,4,4,664.34,4,3,2,9,Loyal Customers
17884,United Kingdom,United Kingdom,4,4,695.0699999999999,4,3,3,10,Loyal Customers
17885,United Kingdom,United Kingdom,13,1,156.34,4,1,1,6,Potential Loyalists
17886,United Kingdom,United Kingdom,32,3,869.28,3,3,3,9,Loyal Customers
17887,United Kingdom,United Kingdom,130,1,111.35,2,1,1,4,Needs Attention
17888,United Kingdom,United Kingdom,22,8,716.0,3,4,3,10,Loyal Customers
17889,United Kingdom,United Kingdom,213,2,201.37,1,2,1,4,Hibernating
17890,United Kingdom,United Kingdom,323,2,586.89,1,2,2,5,Hibernating
17891,United Kingdom,United Kingdom,163,1,203.85999999999999,1,1,1,3,Hibernating
17892,United Kingdom,United Kingdom,57,3,244.1,2,3,1,6,At Risk
17893,United Kingdom,United Kingdom,226,1,107.21,1,1,1,3,Hibernating
17894,United Kingdom,United Kingdom,72,8,1118.96,2,4,3,9,At Risk
17895,United Kingdom,United Kingdom,45,1,95.45,3,1,1,5,Potential Loyalists
17896,United Kingdom,United Kingdom,24,1,256.32,3,1,1,5,Potential Loyalists
17897,United Kingdom,United Kingdom,173,3,541.8100000000001,1,3,2,6,At Risk
17898,United Kingdom,United Kingdom,86,2,152.06,2,2,1,5,Needs Attention
17899,United Kingdom,United Kingdom,160,1,154.55,1,1,1,3,Hibernating
17900,United Kingdom,United Kingdom,191,2,112.19999999999999,1,2,1,4,Hibernating
17901,United Kingdom,United Kingdom,30,1,110.38,3,1,1,5,Potential Loyalists
17904,United Kingdom,United Kingdom,22,1,181.07,3,1,1,5,Potential Loyalists
17905,United Kingdom,United Kingdom,72,4,798.99,2,3,3,8,At Risk
17906,United Kingdom,United Kingdom,248,1,72.9,1,1,1,3,Hibernating
17908,United Kingdom,United Kingdom,374,1,232.03,1,1,1,3,Hibernating
17911,United Kingdom,United Kingdom,10,1,366.23,4,1,2,7,Potential Loyalists
17912,United Kingdom,United Kingdom,311,5,310.06,1,3,2,6,At Risk
17913,United Kingdom,United Kingdom,59,2,408.65,2,2,2,6,Needs Attention
17914,United Kingdom,United Kingdom,4,1,329.36,4,1,2,7,Potential Loyalists
17917,United Kingdom,United Kingdom,46,3,335.03,3,3,2,8,Loyal Customers
17919,United Kingdom,United Kingdom,89,1,1304.04,2,1,3,6,Needs Attention
17920,United Kingdom,United Kingdom,5,17,4119.5,4,4,4,12,Champions
17921,United Kingdom,United Kingdom,65,4,820.23,2,3,3,8,At Risk
17923,United Kingdom,United Kingdom,283,1,207.50000000000003,1,1,1,3,Hibernating
17924,United Kingdom,United Kingdom,12,7,2962.5,4,4,4,12,Champions
17925,United Kingdom,United Kingdom,373,1,244.08,1,1,1,3,Hibernating
17926,United Kingdom,United Kingdom,134,2,397.29,2,2,2,6,Needs Attention
17928,United Kingdom,United Kingdom,46,2,212.54,3,2,1,6,Potential Loyalists
17929,United Kingdom,United Kingdom,12,4,843.0,4,3,3,10,Loyal Customers
17930,United Kingdom,United Kingdom,36,5,1740.48,3,3,4,10,Loyal Customers
17931,United Kingdom,United Kingdom,135,2,408.36,2,2,2,6,Needs Attention
17932,United Kingdom,United Kingdom,30,3,1331.57,3,3,3,9,Loyal Customers
17934,United Kingdom,United Kingdom,52,2,704.25,2,2,3,7,Needs Attention
17935,United Kingdom,United Kingdom,139,2,145.79,2,2,1,5,Needs Attention
17936,United Kingdom,United Kingdom,6,1,380.13,4,1,2,7,Potential Loyalists
17937,United Kingdom,United Kingdom,9,7,4301.22,4,4,4,12,Champions
17939,United Kingdom,United Kingdom,160,1,99.14,1,1,1,3,Hibernating
17940,United Kingdom,United Kingdom,50,10,4020.04,3,4,4,11,Loyal Customers
17941,United Kingdom,United Kingdom,131,1,304.56,2,1,1,4,Needs Attention
17942,United Kingdom,United Kingdom,8,1,77.50000000000001,4,1,1,6,Potential Loyalists
17946,United Kingdom,United Kingdom,234,2,149.57999999999998,1,2,1,4,Hibernating
17947,United Kingdom,United Kingdom,38,1,176.68,3,1,1,5,Potential Loyalists
17948,United Kingdom,United Kingdom,148,1,358.56000000000006,1,1,2,4,Hibernating
17949,United Kingdom,United Kingdom,2,45,58510.48,4,4,4,12,Champions
17950,United Kingdom,United Kingdom,73,3,482.2,2,3,2,7,At Risk
17951,United Kingdom,United Kingdom,40,3,1008.5400000000001,3,3,3,9,Loyal Customers
17954,United Kingdom,United Kingdom,6,12,2314.13,4,4,4,12,Champions
17955,United Kingdom,United Kingdom,199,4,557.3,1,3,2,6,At Risk
17956,United Kingdom,United Kingdom,250,1,12.75,1,1,1,3,Hibernating
17957,United Kingdom,United Kingdom,67,1,111.68,2,1,1,4,Needs Attention
17958,United Kingdom,United Kingdom,117,1,508.4599999999999,2,1,2,5,Needs Attention
17960,United Kingdom,United Kingdom,172,1,73.78,1,1,1,3,Hibernating
17961,United Kingdom,United Kingdom,22,39,1296.44,3,4,3,10,Loyal Customers
17962,United Kingdom,United Kingdom,143,1,102.41,1,1,1,3,Hibernating
17964,United Kingdom,United Kingdom,32,2,463.21,3,2,2,7,Potential Loyalists
17965,United Kingdom,United Kingdom,38,14,2599.19,3,4,4,11,Loyal Customers
17966,United Kingdom,United Kingdom,38,5,1098.43,3,3,3,9,Loyal Customers
17967,United Kingdom,United Kingdom,372,1,112.27,1,1,1,3,Hibernating
17968,United Kingdom,United Kingdom,374,1,265.1,1,1,1,3,Hibernating
17969,United Kingdom,United Kingdom,167,2,228.2,1,2,1,4,Hibernating
17970,United Kingdom,United Kingdom,212,1,562.79,1,1,2,4,Hibernating
17972,United Kingdom,United Kingdom,242,1,135.19,1,1,1,3,Hibernating
17973,United Kingdom,United Kingdom,52,1,337.04,2,1,2,5,Needs Attention
17974,United Kingdom,United Kingdom,25,3,703.99,3,3,3,9,Loyal Customers
17975,United Kingdom,United Kingdom,16,13,4483.26,4,4,4,12,Champions
17976,United Kingdom,United Kingdom,373,1,321.79,1,1,2,4,Hibernating
17977,United Kingdom,United Kingdom,30,1,288.14,3,1,1,5,Potential Loyalists
17978,United Kingdom,United Kingdom,366,1,300.91999999999996,1,1,1,3,Hibernating
17979,United Kingdom,United Kingdom,36,4,732.41,3,3,3,9,Loyal Customers
17980,United Kingdom,United Kingdom,166,3,811.45,1,3,3,7,At Risk
17984,United Kingdom,United Kingdom,146,1,152.68,1,1,1,3,Hibernating
17985,United Kingdom,United Kingdom,23,1,631.35,3,1,2,6,Potential Loyalists
17986,United Kingdom,United Kingdom,57,1,20.8,2,1,1,4,Needs Attention
17987,United Kingdom,United Kingdom,186,1,198.57,1,1,1,3,Hibernating
17988,United Kingdom,United Kingdom,12,7,201.12,4,4,1,9,Champions
17990,United Kingdom,United Kingdom,237,3,630.84,1,3,2,6,At Risk
17991,United Kingdom,United Kingdom,226,2,93.35,1,2,1,4,Hibernating
17994,United Kingdom,United Kingdom,122,4,674.89,2,3,3,8,At Risk
17995,United Kingdom,United Kingdom,282,1,76.1,1,1,1,3,Hibernating
17997,United Kingdom,United Kingdom,75,8,1962.46,2,4,4,10,At Risk
17999,United Kingdom,United Kingdom,38,2,380.39,3,2,2,7,Potential Loyalists
18001,United Kingdom,United Kingdom,13,2,415.13,4,2,2,8,Potential Loyalists
18004,United Kingdom,United Kingdom,363,1,157.92,1,1,1,3,Hibernating
18005,United Kingdom,United Kingdom,4,2,226.47,4,2,1,7,Potential Loyalists
18006,United Kingdom,United Kingdom,24,1,444.68,3,1,2,6,Potential Loyalists
18008,United Kingdom,United Kingdom,71,9,2116.19,2,4,4,10,At Risk
18009,United Kingdom,United Kingdom,236,1,247.39,1,1,1,3,Hibernating
18010,United Kingdom,United Kingdom,257,1,174.8,1,1,1,3,Hibernating
18011,United Kingdom,United Kingdom,374,1,102.78999999999999,1,1,1,3,Hibernating
18013,United Kingdom,United Kingdom,156,2,187.29,1,2,1,4,Hibernating
18014,United Kingdom,United Kingdom,29,1,162.22,3,1,1,5,Potential Loyalists
18015,United Kingdom,United Kingdom,5,1,120.03,4,1,1,6,Potential Loyalists
18016,United Kingdom,United Kingdom,33,5,1477.66,3,3,3,9,Loyal Customers
18017,United Kingdom,United Kingdom,82,3,523.0,2,3,2,7,At Risk
18018,United Kingdom,United Kingdom,109,2,122.14,2,2,1,5,Needs Attention
18019,United Kingdom,United Kingdom,52,1,38.45,2,1,1,4,Needs Attention
18022,United Kingdom,United Kingdom,36,1,612.72,3,1,2,6,Potential Loyalists
18024,United Kingdom,United Kingdom,153,2,389.78,1,2,2,5,Hibernating
18027,United Kingdom,United Kingdom,99,1,115.31,2,1,1,4,Needs Attention
18030,United Kingdom,United Kingdom,5,2,230.64999999999998,4,2,1,7,Potential Loyalists
18032,United Kingdom,United Kingdom,335,1,73.5,1,1,1,3,Hibernating
18033,United Kingdom,United Kingdom,66,1,93.82000000000001,2,1,1,4,Needs Attention
18034,United Kingdom,United Kingdom,22,2,418.68,3,2,2,7,Potential Loyalists
18035,United Kingdom,United Kingdom,36,3,713.89,3,3,3,9,Loyal Customers
18036,United Kingdom,United Kingdom,33,3,403.12,3,3,2,8,Loyal Customers
18037,United Kingdom,United Kingdom,155,6,70.02,1,4,1,6,At Risk
18040,United Kingdom,United Kingdom,20,2,357.20000000000005,3,2,2,7,Potential Loyalists
18041,United Kingdom,United Kingdom,12,21,4097.37,4,4,4,12,Champions
18042,United Kingdom,United Kingdom,54,1,165.04999999999998,2,1,1,4,Needs Attention
18043,United Kingdom,United Kingdom,25,3,529.29,3,3,2,8,Loyal Customers
18044,United Kingdom,United Kingdom,5,10,2088.6,4,4,4,12,Champions
18045,United Kingdom,United Kingdom,46,1,178.34,3,1,1,5,Potential Loyalists
18048,United Kingdom,United Kingdom,204,2,172.29000000000002,1,2,1,4,Hibernating
18050,United Kingdom,United Kingdom,360,1,74.4,1,1,1,3,Hibernating
18053,United Kingdom,United Kingdom,71,1,300.02,2,1,1,4,Needs Attention
18055,United Kingdom,United Kingdom,8,10,6761.34,4,4,4,12,Champions
18056,United Kingdom,United Kingdom,289,1,363.65,1,1,2,4,Hibernating
18058,United Kingdom,United Kingdom,10,1,170.16,4,1,1,6,Potential Loyalists
18059,United Kingdom,United Kingdom,24,3,306.46,3,3,1,7,Loyal Customers
18061,United Kingdom,United Kingdom,22,10,2119.41,3,4,4,11,Loyal Customers
18062,United Kingdom,United Kingdom,174,3,720.52,1,3,3,7,At Risk
18064,United Kingdom,United Kingdom,134,2,814.0,2,2,3,7,Needs Attention
18065,United Kingdom,United Kingdom,6,14,2392.83,4,4,4,12,Champions
18066,United Kingdom,United Kingdom,76,1,318.0,2,1,2,5,Needs Attention
18067,United Kingdom,United Kingdom,41,1,396.33,3,1,2,6,Potential Loyalists
18068,United Kingdom,United Kingdom,290,1,101.69999999999999,1,1,1,3,Hibernating
18069,United Kingdom,United Kingdom,27,5,2009.24,3,3,4,10,Loyal Customers
18071,United Kingdom,United Kingdom,258,2,453.0,1,2,2,5,Hibernating
18072,United Kingdom,United Kingdom,186,1,247.44,1,1,1,3,Hibernating
18073,United Kingdom,United Kingdom,115,12,3859.82,2,4,4,10,At Risk
18074,United Kingdom,United Kingdom,374,1,489.6,1,1,2,4,Hibernating
18075,United Kingdom,United Kingdom,24,10,2611.75,3,4,4,11,Loyal Customers
18077,United Kingdom,United Kingdom,9,11,2584.41,4,4,4,12,Champions
18078,United Kingdom,United Kingdom,218,2,336.13,1,2,2,5,Hibernating
18079,United Kingdom,United Kingdom,46,4,3613.15,3,3,4,10,Loyal Customers
18080,United Kingdom,United Kingdom,19,2,1231.5,3,2,3,8,Potential Loyalists
18081,United Kingdom,United Kingdom,37,3,343.45,3,3,2,8,Loyal Customers
18082,United Kingdom,United Kingdom,26,1,680.84,3,1,3,7,Potential Loyalists
18084,United Kingdom,United Kingdom,17,1,90.47999999999999,4,1,1,6,Potential Loyalists
18085,United Kingdom,United Kingdom,331,2,689.95,1,2,3,6,Hibernating
18086,United Kingdom,United Kingdom,275,1,101.34,1,1,1,3,Hibernating
18087,United Kingdom,United Kingdom,99,2,4055.7199999999993,2,2,4,8,Needs Attention
18088,United Kingdom,United Kingdom,62,1,166.03,2,1,1,4,Needs Attention
18092,United Kingdom,United Kingdom,3,11,9068.26,4,4,4,12,Champions
18093,United Kingdom,United Kingdom,94,4,2106.52,2,3,4,9,At Risk
18094,United Kingdom,United Kingdom,82,7,3017.3,2,4,4,10,At Risk
18095,United Kingdom,United Kingdom,313,2,580.0500000000001,1,2,2,5,Hibernating
18096,United Kingdom,United Kingdom,12,3,849.06,4,3,3,10,Loyal Customers
18097,United Kingdom,United Kingdom,8,6,2662.4,4,4,4,12,Champions
18099,United Kingdom,United Kingdom,128,1,168.31,2,1,1,4,Needs Attention
18101,United Kingdom,United Kingdom,12,2,222.4,4,2,1,7,Potential Loyalists
18102,United Kingdom,United Kingdom,1,60,259657.3,4,4,4,12,Champions
18104,United Kingdom,United Kingdom,38,1,754.64,3,1,3,7,Potential Loyalists
18105,United Kingdom,United Kingdom,38,1,113.48000000000002,3,1,1,5,Potential Loyalists
18106,United Kingdom,United Kingdom,330,1,421.9,1,1,2,4,Hibernating
18108,United Kingdom,United Kingdom,255,1,271.0,1,1,1,3,Hibernating
18109,United Kingdom,United Kingdom,2,26,8004.92,4,4,4,12,Champions
18110,United Kingdom,United Kingdom,20,1,198.8,3,1,1,5,Potential Loyalists
18112,United Kingdom,United Kingdom,13,2,352.69,4,2,2,8,Potential Loyalists
18113,United Kingdom,United Kingdom,369,1,76.32000000000001,1,1,1,3,Hibernating
18114,United Kingdom,United Kingdom,291,1,220.1,1,1,1,3,Hibernating
18116,United Kingdom,United Kingdom,68,8,1403.1100000000001,2,4,3,9,At Risk
18117,United Kingdom,United Kingdom,26,1,315.65,3,1,2,6,Potential Loyalists
18118,United Kingdom,United Kingdom,11,26,5625.08,4,4,4,12,Champions
18119,United Kingdom,United Kingdom,368,1,180.7,1,1,1,3,Hibernating
18120,United Kingdom,United Kingdom,215,1,111.15,1,1,1,3,Hibernating
18121,United Kingdom,United Kingdom,150,2,653.3,1,2,2,5,Hibernating
18122,United Kingdom,United Kingdom,9,6,1793.06,4,4,4,12,Champions
18123,United Kingdom,United Kingdom,25,2,574.4399999999999,3,2,2,7,Potential Loyalists
18125,United Kingdom,United Kingdom,30,4,1131.75,3,3,3,9,Loyal Customers
18126,United Kingdom,United Kingdom,61,1,200.92000000000002,2,1,1,4,Needs Attention
18127,United Kingdom,United Kingdom,20,3,347.08,3,3,2,8,Loyal Customers
18129,United Kingdom,United Kingdom,244,1,112.55000000000001,1,1,1,3,Hibernating
18130,United Kingdom,United Kingdom,16,3,1059.39,4,3,3,10,Loyal Customers
18133,United Kingdom,United Kingdom,213,1,931.4999999999999,1,1,3,5,Hibernating
18135,United Kingdom,United Kingdom,30,5,681.9100000000001,3,3,3,9,Loyal Customers
18136,United Kingdom,United Kingdom,64,3,784.33,2,3,3,8,At Risk
18138,United Kingdom,United Kingdom,296,1,152.65,1,1,1,3,Hibernating
18139,United Kingdom,United Kingdom,18,6,8438.34,4,4,4,12,Champions
18142,United Kingdom,United Kingdom,158,2,1019.52,1,2,3,6,Hibernating
18143,United Kingdom,United Kingdom,117,2,1000.16,2,2,3,7,Needs Attention
18144,United Kingdom,United Kingdom,8,12,2888.75,4,4,4,12,Champions
18145,United Kingdom,United Kingdom,13,4,2861.55,4,3,4,11,Loyal Customers
18146,United Kingdom,United Kingdom,141,2,160.35000000000002,2,2,1,5,Needs Attention
18147,United Kingdom,United Kingdom,46,2,179.33999999999997,3,2,1,6,Potential Loyalists
18149,United Kingdom,United Kingdom,51,3,612.0799999999999,3,3,2,8,Loyal Customers
18150,United Kingdom,United Kingdom,33,3,566.58,3,3,2,8,Loyal Customers
18151,United Kingdom,United Kingdom,135,2,653.35,2,2,2,6,Needs Attention
18154,United Kingdom,United Kingdom,4,2,399.19,4,2,2,8,Potential Loyalists
18155,United Kingdom,United Kingdom,76,3,371.62,2,3,2,7,At Risk
18156,United Kingdom,United Kingdom,13,2,675.64,4,2,3,9,Potential Loyalists
18158,United Kingdom,United Kingdom,10,2,453.4,4,2,2,8,Potential Loyalists
18159,United Kingdom,United Kingdom,302,1,530.15,1,1,2,4,Hibernating
18160,United Kingdom,United Kingdom,58,2,638.0600000000001,2,2,2,6,Needs Attention
18161,United Kingdom,United Kingdom,16,5,1618.69,4,3,3,10,Loyal Customers
18164,United Kingdom,United Kingdom,38,1,399.65000000000003,3,1,2,6,Potential Loyalists
18165,United Kingdom,United Kingdom,178,1,302.46000000000004,1,1,1,3,Hibernating
18167,United Kingdom,United Kingdom,24,3,1384.8600000000001,3,3,3,9,Loyal Customers
18168,United Kingdom,United Kingdom,177,6,1160.04,1,4,3,8,At Risk
18169,United Kingdom,United Kingdom,61,1,202.65,2,1,1,4,Needs Attention
18170,United Kingdom,United Kingdom,34,3,980.31,3,3,3,9,Loyal Customers
18171,United Kingdom,United Kingdom,59,5,1231.31,2,3,3,8,At Risk
18172,United Kingdom,United Kingdom,15,20,7561.68,4,4,4,12,Champions
18173,United Kingdom,United Kingdom,87,4,2106.84,2,3,4,9,At Risk
18174,United Kingdom,United Kingdom,8,1,104.0,4,1,1,6,Potential Loyalists
18176,United Kingdom,United Kingdom,359,1,476.35,1,1,2,4,Hibernating
18177,United Kingdom,United Kingdom,32,6,1340.8700000000001,3,4,3,10,Loyal Customers
18178,United Kingdom,United Kingdom,129,4,1590.81,2,3,3,8,At Risk
18179,United Kingdom,United Kingdom,10,6,1793.17,4,4,4,12,Champions
18180,United Kingdom,United Kingdom,5,6,1843.75,4,4,4,12,Champions
18181,United Kingdom,United Kingdom,25,1,366.85,3,1,2,6,Potential Loyalists
18183,United Kingdom,United Kingdom,228,2,632.07,1,2,2,5,Hibernating
18184,United Kingdom,United Kingdom,16,1,49.8,4,1,1,6,Potential Loyalists
18185,United Kingdom,United Kingdom,250,1,304.25,1,1,1,3,Hibernating
18188,United Kingdom,United Kingdom,16,3,2001.04,4,3,4,11,Loyal Customers
18189,United Kingdom,United Kingdom,78,2,1090.24,2,2,3,7,Needs Attention
18190,United Kingdom,United Kingdom,193,2,284.46000000000004,1,2,1,4,Hibernating
18191,United Kingdom,United Kingdom,262,1,207.79999999999998,1,1,1,3,Hibernating
18192,United Kingdom,United Kingdom,72,1,957.97,2,1,3,6,Needs Attention
18193,United Kingdom,United Kingdom,166,1,243.76,1,1,1,3,Hibernating
18194,United Kingdom,United Kingdom,83,1,973.8399999999999,2,1,3,6,Needs Attention
18196,United Kingdom,United Kingdom,96,2,686.63,2,2,3,7,Needs Attention
18198,United Kingdom,United Kingdom,5,17,5425.56,4,4,4,12,Champions
18200,United Kingdom,United Kingdom,107,1,150.35,2,1,1,4,Needs Attention
18202,United Kingdom,United Kingdom,200,3,1396.99,1,3,3,7,At Risk
18203,United Kingdom,United Kingdom,158,1,160.42000000000002,1,1,1,3,Hibernating
18204,United Kingdom,United Kingdom,72,3,1975.35,2,3,4,9,At Risk
18205,United Kingdom,United Kingdom,37,2,517.36,3,2,2,7,Potential Loyalists
18209,United Kingdom,United Kingdom,29,1,139.10000000000002,3,1,1,5,Potential Loyalists
18210,United Kingdom,United Kingdom,2,6,2621.38,4,4,4,12,Champions
18211,United Kingdom,United Kingdom,26,5,600.07,3,3,2,8,Loyal Customers
18212,United Kingdom,United Kingdom,327,1,216.07,1,1,1,3,Hibernating
18213,United Kingdom,United Kingdom,237,1,232.48000000000002,1,1,1,3,Hibernating
18215,United Kingdom,United Kingdom,90,1,299.34000000000003,2,1,1,4,Needs Attention
18216,United Kingdom,United Kingdom,32,1,481.75,3,1,2,6,Potential Loyalists
18217,United Kingdom,United Kingdom,30,2,621.75,3,2,2,7,Potential Loyalists
18218,United Kingdom,United Kingdom,212,2,641.92,1,2,2,5,Hibernating
18219,United Kingdom,United Kingdom,3,10,2069.77,4,4,4,12,Champions
18220,United Kingdom,United Kingdom,227,1,305.28000000000003,1,1,1,3,Hibernating
18221,United Kingdom,United Kingdom,23,5,1041.61,3,3,3,9,Loyal Customers
18222,United Kingdom,United Kingdom,93,1,443.0,2,1,2,5,Needs Attention
18223,United Kingdom,United Kingdom,5,14,6484.54,4,4,4,12,Champions
18224,United Kingdom,United Kingdom,264,1,158.95000000000002,1,1,1,3,Hibernating
18225,United Kingdom,United Kingdom,4,12,5504.96,4,4,4,12,Champions
18226,United Kingdom,United Kingdom,45,11,5228.05,3,4,4,11,Loyal Customers
18227,United Kingdom,United Kingdom,218,1,93.75,1,1,1,3,Hibernating
18228,United Kingdom,United Kingdom,57,2,779.9,2,2,3,7,Needs Attention
18229,United Kingdom,United Kingdom,12,20,7276.900000000001,4,4,4,12,Champions
18230,United Kingdom,United Kingdom,10,7,2810.2000000000003,4,4,4,12,Champions
18231,United Kingdom,United Kingdom,193,5,2071.77,1,3,4,8,At Risk
18232,United Kingdom,United Kingdom,82,4,592.97,2,3,2,7,At Risk
18233,United Kingdom,United Kingdom,326,1,440.0,1,1,2,4,Hibernating
18235,United Kingdom,United Kingdom,72,3,1796.48,2,3,4,9,At Risk
18236,United Kingdom,United Kingdom,30,6,882.24,3,4,3,10,Loyal Customers
18237,United Kingdom,United Kingdom,3,5,987.1,4,3,3,10,Loyal Customers
18239,United Kingdom,United Kingdom,219,5,1561.6100000000001,1,3,3,7,At Risk
18240,United Kingdom,United Kingdom,47,1,422.58,3,1,2,6,Potential Loyalists
18241,United Kingdom,United Kingdom,10,17,2073.09,4,4,4,12,Champions
18242,United Kingdom,United Kingdom,73,4,2232.4900000000002,2,3,4,9,At Risk
18245,United Kingdom,United Kingdom,8,7,2567.06,4,4,4,12,Champions
18246,United Kingdom,United Kingdom,24,2,596.1,3,2,2,7,Potential Loyalists
18248,United Kingdom,United Kingdom,123,2,804.02,2,2,3,7,Needs Attention
18249,United Kingdom,United Kingdom,18,1,95.34,4,1,1,6,Potential Loyalists
18250,United Kingdom,United Kingdom,311,1,349.27,1,1,2,4,Hibernating
18251,United Kingdom,United Kingdom,88,1,4314.72,2,1,4,7,Needs Attention
18252,United Kingdom,United Kingdom,51,2,518.27,3,2,2,7,Potential Loyalists
18255,United Kingdom,United Kingdom,90,1,103.3,2,1,1,4,Needs Attention
18257,United Kingdom,United Kingdom,40,8,2337.63,3,4,4,11,Loyal Customers
18259,United Kingdom,United Kingdom,25,3,2338.6000000000004,3,3,4,10,Loyal Customers
18260,United Kingdom,United Kingdom,173,6,2628.35,1,4,4,9,At Risk
18261,United Kingdom,United Kingdom,44,2,324.24,3,2,2,7,Potential Loyalists
18262,United Kingdom,United Kingdom,141,1,149.48,2,1,1,4,Needs Attention
18263,United Kingdom,United Kingdom,26,3,1213.1599999999999,3,3,3,9,Loyal Customers
18265,United Kingdom,United Kingdom,73,2,801.51,2,2,3,7,Needs Attention
18268,United Kingdom,United Kingdom,135,1,25.5,2,1,1,4,Needs Attention
18269,United Kingdom,United Kingdom,367,1,168.6,1,1,1,3,Hibernating
18270,United Kingdom,United Kingdom,39,2,283.15,3,2,1,6,Potential Loyalists
18272,United Kingdom,United Kingdom,3,6,3078.58,4,4,4,12,Champions
18273,United Kingdom,United Kingdom,3,3,204.0,4,3,1,8,Loyal Customers
18274,United Kingdom,United Kingdom,31,1,175.92,3,1,1,5,Potential Loyalists
18276,United Kingdom,United Kingdom,44,1,335.86,3,1,2,6,Potential Loyalists
18277,United Kingdom,United Kingdom,59,1,110.38,2,1,1,4,Needs Attention
18278,United Kingdom,United Kingdom,74,1,173.9,2,1,1,4,Needs Attention
18280,United Kingdom,United Kingdom,278,1,180.60000000000002,1,1,1,3,Hibernating
18281,United Kingdom,United Kingdom,181,1,80.82,1,1,1,3,Hibernating
18282,United Kingdom,United Kingdom,8,2,178.05,4,2,1,7,Potential Loyalists
18283,United Kingdom,United Kingdom,4,16,2045.53,4,4,4,12,Champions
18287,United Kingdom,United Kingdom,43,3,1837.28,3,3,4,10,Loyal Customers
